sender_name,timestamp_ms,content,is_geoblocked_for_viewer,is_unsent_image_by_messenger_kid_parent,reactions_0_reaction,reactions_0_actor,reactions_0_timestamp,share_original_content_owner,share_link,share_share_text,photos_0_uri,photos_0_creation_timestamp,unique_id,timestamp_ms_year,timestamp_ms_month,timestamp_ms_day,timestamp_ms_weekday,timestamp_ms_hour,reactions_0_timestamp_year,reactions_0_timestamp_month,reactions_0_timestamp_day,reactions_0_timestamp_weekday,reactions_0_timestamp_hour,photos_0_creation_timestamp_year,photos_0_creation_timestamp_month,photos_0_creation_timestamp_day,photos_0_creation_timestamp_weekday,photos_0_creation_timestamp_hour
ð á° á§  á á¬ ð ðð¤,1970-01-01 00:28:51.816425710+00:00,Tq guru ..ð«,False,False,,,,,,,,,08e0857ddb110329c1446e76434821ad,1970,1,1,3,0,,,,,,,,,,
ð á° á§  á á¬ ð ðð¤,1970-01-01 00:28:51.816419273+00:00,à®®à¯à®à¯à®à¯ à®µà®¿à®°à¯à®®à¯à®ªà®¿à®¯à¯à®³à¯à®³à®¾à®°à¯,False,False,,,,,,,,,3ccb72a6665efbb84dc6260bfd26a7ab,1970,1,1,3,0,,,,,,,,,,
ððªð§ðª,1970-01-01 00:28:51.815691519+00:00,Happy Birthday machaa ð¥ð«,False,False,â¤,ð á° á§  á á¬ ð ðð¤,1970-01-01 00:00:01.731816419+00:00,,,,,,3e748a7d336b9b960422607edd0dead7,1970,1,1,3,0,1970.0,1.0,1.0,3.0,0.0,,,,,
ð á° á§  á á¬ ð ðð¤,1970-01-01 00:28:44.824664547+00:00,à®®à¯à®à¯à®à¯ à®µà®¿à®°à¯à®®à¯à®ªà®¿à®¯à¯à®³à¯à®³à®¾à®°à¯,False,False,,,,,,,,,79bb9257f4e4e71147933872f62108a1,1970,1,1,3,0,,,,,,,,,,
ððªð§ðª,1970-01-01 00:28:44.824660410+00:00,Thx mama ð«ð,False,False,â¤,ð á° á§  á á¬ ð ðð¤,1970-01-01 00:00:01.724824664+00:00,,,,,,3583354b36a94672ae116b99042e0b7d,1970,1,1,3,0,1970.0,1.0,1.0,3.0,0.0,,,,,
ð á° á§  á á¬ ð ðð¤,1970-01-01 00:28:44.823934340+00:00,,False,False,,,,,,,,,c6acb78447e3ef4a439c590a5757fb8d,1970,1,1,3,0,,,,,,,,,,
ððªð§ðª,1970-01-01 00:28:30.688669647+00:00,ð¢,False,False,,,,,,,,,5219280c2412f4c1da0df46db5c440ba,1970,1,1,3,0,,,,,,,,,,
ð á° á§  á á¬ ð ðð¤,1970-01-01 00:28:30.686613599+00:00,,False,False,,,,mr.unique_2013,,,,,8ded5e027e87ec1a40fe31915dbb52da,1970,1,1,3,0,,,,,,,,,,
ð á° á§  á á¬ ð ðð¤,1970-01-01 00:28:20.199994419+00:00,,False,False,,,,,,,,,0f92d7e16e1838f79252872d105742c3,1970,1,1,3,0,,,,,,,,,,
ððªð§ðª,1970-01-01 00:28:20.193882194+00:00,,False,False,,,,,https://instagram.com/stories/gx._.lee/3237783367177725943,,,,0684df5f233f8694afd2eacf89d923e7,1970,1,1,3,0,,,,,,,,,,
ð á° á§  á á¬ ð ðð¤,1970-01-01 00:28:13.215954121+00:00,à®à®à¯à®à®³à¯  à®®à¯à®à¯à®à¯à®à¯à®à¯ â¤ï¸ à®à®© à®à®£à®°à¯à®à¯à®à®¿à®¯à¯ à®µà¯à®³à®¿à®ªà¯à®ªà®à¯à®¤à¯à®¤à®¿à®©à®¾à®°à¯,False,False,,,,,,,,,4c065ce13c2a731fbb805d2cf34ffd1c,1970,1,1,3,0,,,,,,,,,,
ððªð§ðª,1970-01-01 00:28:13.211755665+00:00,Thx macha ð,False,False,â¤ï¸,ð á° á§  á á¬ ð ðð¤,1970-01-01 00:00:01.693215954+00:00,,,,,,9bb39f071dc26aedcd88afa69f1ecdcd,1970,1,1,3,0,1970.0,1.0,1.0,3.0,0.0,,,,,
ð á° á§  á á¬ ð ðð¤,1970-01-01 00:28:13.211606271+00:00,ð shared a story.,False,False,â¤ï¸,ððªð§ðª,1970-01-01 00:00:01.693211750+00:00,,,,,,308761cf771afaa3a9807daf767760d6,1970,1,1,3,0,1970.0,1.0,1.0,3.0,0.0,,,,,
ð á° á§  á á¬ ð ðð¤,1970-01-01 00:28:13.211306324+00:00,Happi born day broo,False,False,,,,,https://instagram.com/stories/gx._.lee/3178803308270311617,,,,ce22da55306206cc9c5ecd4ecb3a966a,1970,1,1,3,0,,,,,,,,,,
ð á° á§  á á¬ ð ðð¤,1970-01-01 00:28:08.138101182+00:00,ð sent an attachment.,False,False,,,,mittai_brother,https://www.instagram.com/reel/CsqQ61SuGtM/?id=3110372904348969804_48792045722,Ungala thanda ð,,,d84884ba092595a0cf73a7a55b3f7ee9,1970,1,1,3,0,,,,,,,,,,
ð á° á§  á á¬ ð ðð¤,1970-01-01 00:28:06.380829020+00:00,ð sent an attachment.,False,False,,,,nithil_max_,https://www.instagram.com/reel/CtDZoTIvdnS/?id=3117448087560116690_44317065294,Tag your friends ð @nithil_max_,,,7d4fd5a3d9450b0d88128e247dcffa83,1970,1,1,3,0,,,,,,,,,,
ð á° á§  á á¬ ð ðð¤,1970-01-01 00:28:06.192644515+00:00,ð sent an attachment.,False,False,,,,raghav__dhruv,https://www.instagram.com/reel/Cs-3D6tAkOP/?id=3116170153935651727_10445756571,"Tag your best frd ð«ð«ð«ð«ð«ð«
.
.
#insta #kerala #tamilsongs #tamilove #tamilmusic #tamilmusically #tamilactress #tamilactor #tamilvideo #tamil #tamily #tamilmovie #tamilmovies #tamillyrics #tamilsadsong #tamilstatus #tamilcomedy #tamilmuser #tamilbgm #tamilvideo#malayalam #malayalam #tamilcinema #tamildubs #tamilnadu #tamilmovie #dmk #dmkflag #dmk4tn #dmkstalin #dmk2021 #dmk2022 @time_ella_ @lightroom_edits_tops @shootout_2k_ @lightroom_editors_top @tamilnadu___models @tamilnadu__gethu_models__@insta__kalipz
@salem stunnerzz salem freakzzzzz @tamilnadu_models_page @chennai_legends @insta_mallu_models @insta_clickz @insta_model_01 @salem_2k_models @mr_insta_freakz @salem_freakerz_hub @salem_gethu_freakz @salem_maja_freakzz @salem_trending_models @salem_model_ @salem__pasanga_ @freakzzzzzzs_of_salem @freakzzzzs_of_boys_and_girls @freakzzzzs_ponnunga_vs_pasanga @freakzzzzz_of_salem @_freakers_world_",,,1fb89bde15af9226dba572a94dce7376,1970,1,1,3,0,,,,,,,,,,
ððªð§ðª,1970-01-01 00:27:57.950719984+00:00,ð¤£,False,False,,,,,,,,,c9c0ea72eec9990eb80fc9ee45be0ec3,1970,1,1,3,0,,,,,,,,,,
ð á° á§  á á¬ ð ðð¤,1970-01-01 00:27:57.948426653+00:00,ð sent an attachment.,False,False,,,,friendsjunction_,https://www.instagram.com/reel/Co3dK0SgnkD/?id=3042028360000764163_38518526113,"Ellam sila kaalam tha ðð¤§

#india #love #instagood #photography #photooftheday #travel #nature #instagram #picoftheday #follow #fashion #beautiful #travelphotography #followme #instadaily #mumbai #like4like #style #naturephotography #art #wanderlust #photo #happy #travelgram #incredibleindia #fun #instalike #life #like #cutebaby",,,85f86e5c56e545eb8f26b6b4867afd86,1970,1,1,3,0,,,,,,,,,,
ð á° á§  á á¬ ð ðð¤,1970-01-01 00:27:48.839398695+00:00,Ohh sari broo,False,False,,,,,,,,,5212a9664c980c3926bf0aa7b76c8f04,1970,1,1,3,0,,,,,,,,,,
ððªð§ðª,1970-01-01 00:27:48.839296465+00:00,Avana photo eduthathaey nathada,False,False,,,,,,,,,e2a680e3b0c99a6687455738f509004b,1970,1,1,3,0,,,,,,,,,,
ððªð§ðª,1970-01-01 00:27:48.839279893+00:00,ð,False,False,,,,,,,,,853d5937c1039c3265794589687e2ab9,1970,1,1,3,0,,,,,,,,,,
ð á° á§  á á¬ ð ðð¤,1970-01-01 00:27:48.831190505+00:00,Nee ponunga kuda photo eadukala ya broo,False,False,,,,,,,,,1ff0b3f061fff381bbda8761fa48e316,1970,1,1,3,0,,,,,,,,,,
ð á° á§  á á¬ ð ðð¤,1970-01-01 00:27:48.666129147+00:00,Tq mama,False,False,,,,,,,,,d81c8916d942349c5bb78ecbf34f2b87,1970,1,1,3,0,,,,,,,,,,
ððªð§ðª,1970-01-01 00:27:48.665812982+00:00,Happy Birthday machaa ðððð¥ððð,False,False,,,,,,,,,89e530e1aec3731c6251ae26c0f07a60,1970,1,1,3,0,,,,,,,,,,
ð á° á§  á á¬ ð ðð¤,1970-01-01 00:27:47.906465271+00:00,ð sent an attachment.,False,False,â¤ï¸,ððªð§ðª,1970-01-01 00:00:01.667909754+00:00,mittai_brother,https://www.instagram.com/reel/Ckp7eJQOyfK/?id=2966163385864628170_48792045722,Ungalukku ipadi Nadathurukaa?,,,2561a73d6cd370531ed05bc564406a76,1970,1,1,3,0,1970.0,1.0,1.0,3.0,0.0,,,,,
ð á° á§  á á¬ ð ðð¤,1970-01-01 00:27:47.906427131+00:00,ð sent an attachment.,False,False,â¤ï¸,ððªð§ðª,1970-01-01 00:00:01.667909754+00:00,mindvoicemonkeyoff,https://www.instagram.com/reel/Cj8ZYtUsJlv/?id=2953347104743922031_51065009853,muthupandi memoriesðð,,,6e23ef8478513e654d4ef227bb5d65f2,1970,1,1,3,0,1970.0,1.0,1.0,3.0,0.0,,,,,
ð á° á§  á á¬ ð ðð¤,1970-01-01 00:27:47.385249698+00:00,ð sent an attachment.,False,False,â¤ï¸,ððªð§ðª,1970-01-01 00:00:01.667386784+00:00,pmist_parambarai,https://www.instagram.com/reel/CkVi3aFOc7i/?id=2960425671223529186_38970994908,"TAG THE FRIEND'S ððð¯

College  days memories ð¯

.
.
.
#pmist #periyarmaniammaiuniversity #periyarismð¤ #periyarist #pmu  #mechfamilyâ£ï¸ #memes #coimbatore 
#clgmemes 

#trendingmemes #trendingreels #funreels #memereels #reelsmemes #trollmemes #tagmemes #tamilmemes #memes #reels  #trending #explorememe #viralreels
#hostelfun #hostellife #hostelmemes #hostel #tamilmemes #tamilreelsâ¤ï¸ #tamiltrolls #tamilactress #tamilcomedy #tamilreels",,,bf7c0652f0751e9a84a08c150db996c4,1970,1,1,3,0,1970.0,1.0,1.0,3.0,0.0,,,,,
ððªð§ðª,1970-01-01 00:27:47.358522530+00:00,You sent an attachment.,False,False,,,,rafeel_pvc,https://www.instagram.com/reel/CkQanq5PJ8C/?id=2958982030508728066_7713097171,"Relatable..?ð¥ºâ¥ï¸ð 
Tag ur friends ð
.
.
.
.
.
.
#reels #trending #viral #reelsinstagram #explore #love #bestie #school #college #oldfriends #foryou",,,2b6f51a5c9d077550de0208d066b93bc,1970,1,1,3,0,,,,,,,,,,
ð á° á§  á á¬ ð ðð¤,1970-01-01 00:27:47.265766654+00:00,Vera eatho ooru paiyan nu solita da ava,False,False,,,,,,,,,d1314d8ff3fc34bc6b83f1d731a77d30,1970,1,1,3,0,,,,,,,,,,
ð á° á§  á á¬ ð ðð¤,1970-01-01 00:27:47.265748872+00:00,Broo avan illa ya,False,False,,,,,,,,,1f01b0fec6f44963284ef070c7e6b52e,1970,1,1,3,0,,,,,,,,,,
ð á° á§  á á¬ ð ðð¤,1970-01-01 00:27:47.234811408+00:00,Toongu da,False,False,â¤ï¸,ððªð§ðª,1970-01-01 00:00:01.667234816+00:00,,,,,,ad860b7877b1398da0203b216cf30673,1970,1,1,3,0,1970.0,1.0,1.0,3.0,0.0,,,,,
ððªð§ðª,1970-01-01 00:27:47.234809234+00:00,Mð,False,False,,,,,,,,,ba3ab31617b590d913bffa8b7629f550,1970,1,1,3,0,,,,,,,,,,
ð á° á§  á á¬ ð ðð¤,1970-01-01 00:27:47.234800856+00:00,Bye,False,False,,,,,,,,,9b5fc4e9456cf66d11f66d229f85a7e0,1970,1,1,3,0,,,,,,,,,,
ð á° á§  á á¬ ð ðð¤,1970-01-01 00:27:47.234799281+00:00,Mm sari,False,False,,,,,,,,,5b0709c5586baee6854777effa89db5d,1970,1,1,3,0,,,,,,,,,,
ððªð§ðª,1970-01-01 00:27:47.234788038+00:00,Poda ila da,False,False,,,,,,,,,64a59773a42263e35f5a8183afbf7b48,1970,1,1,3,0,,,,,,,,,,
ð á° á§  á á¬ ð ðð¤,1970-01-01 00:27:47.234778989+00:00,Mm aama nee tha,False,False,,,,,,,,,e75218b2487d56e786b9fe8fe96aa392,1970,1,1,3,0,,,,,,,,,,
ððªð§ðª,1970-01-01 00:27:47.234768369+00:00,ð naanaa,False,False,,,,,,,,,0d372b6c004b1bef38d7c650961baeb7,1970,1,1,3,0,,,,,,,,,,
ð á° á§  á á¬ ð ðð¤,1970-01-01 00:27:47.234749656+00:00,Love eathana panuraiya,False,False,,,,,,,,,8a450dadea0bd860ac4df94ca8125262,1970,1,1,3,0,,,,,,,,,,
ððªð§ðª,1970-01-01 00:27:47.234742109+00:00,M,False,False,,,,,,,,,34bbbaeb478332e503c4cdec98903dcd,1970,1,1,3,0,,,,,,,,,,
ð á° á§  á á¬ ð ðð¤,1970-01-01 00:27:47.234736916+00:00,Nee,False,False,,,,,,,,,2119f58fda6e5e7aee33bfe7cf306283,1970,1,1,3,0,,,,,,,,,,
ððªð§ðª,1970-01-01 00:27:47.234732299+00:00,M,False,False,,,,,,,,,4e46e2daf246c9584d759a2fc1732869,1970,1,1,3,0,,,,,,,,,,
ð á° á§  á á¬ ð ðð¤,1970-01-01 00:27:47.234728174+00:00,Late aagum,False,False,,,,,,,,,1a6d0b9521572b39c61867e1e1cc7bf5,1970,1,1,3,0,,,,,,,,,,
ð á° á§  á á¬ ð ðð¤,1970-01-01 00:27:47.234718182+00:00,Illa da,False,False,,,,,,,,,d8924124208d9e0de3f32ef7b67e1d83,1970,1,1,3,0,,,,,,,,,,
ððªð§ðª,1970-01-01 00:27:47.234688393+00:00,Saptacha,False,False,,,,,,,,,78eee12aa64e5fda23981ba633b43db7,1970,1,1,3,0,,,,,,,,,,
ððªð§ðª,1970-01-01 00:27:47.234667847+00:00,Poguthu,False,False,,,,,,,,,6f3d2caca5860a7d1ba78ea5e1d8aed1,1970,1,1,3,0,,,,,,,,,,
ð á° á§  á á¬ ð ðð¤,1970-01-01 00:27:47.234660024+00:00,Clg la eapadi poguthu,False,False,,,,,,,,,b2657d5be0e80bde82c2b7053783eaa3,1970,1,1,3,0,,,,,,,,,,
ð á° á§  á á¬ ð ðð¤,1970-01-01 00:27:47.234647262+00:00,Ohh sari da,False,False,,,,,,,,,0025d575a4e04075a91e62bd5a5ec08f,1970,1,1,3,0,,,,,,,,,,
ððªð§ðª,1970-01-01 00:27:47.234618678+00:00,Clg terila Balaji ele kadaila veela pakuuran,False,False,,,,,,,,,076ae0308486c65780ceaa23f1fbdf3a,1970,1,1,3,0,,,,,,,,,,
ð á° á§  á á¬ ð ðð¤,1970-01-01 00:27:47.234584791+00:00,Enna clg avan,False,False,,,,,,,,,c7ff99e62b6073cd6f7109ec4fd216aa,1970,1,1,3,0,,,,,,,,,,
ððªð§ðª,1970-01-01 00:27:47.234579472+00:00,Ipa clg,False,False,,,,,,,,,b5fdbe8d846987c8036f91a50fe27c27,1970,1,1,3,0,,,,,,,,,,
ð á° á§  á á¬ ð ðð¤,1970-01-01 00:27:47.234579467+00:00,Sari da,False,False,,,,,,,,,5470e073defa44eb1a7a002301f70cee,1970,1,1,3,0,,,,,,,,,,
ððªð§ðª,1970-01-01 00:27:47.234568038+00:00,Dei punda Avan nabala vida oru year periyavanda,False,False,,,,,,,,,0517fa5229ee0a38f266a0e17f4331b3,1970,1,1,3,0,,,,,,,,,,
ð á° á§  á á¬ ð ðð¤,1970-01-01 00:27:47.234530373+00:00,Enna class da avan,False,False,,,,,,,,,4b618258eb90e8f800dea9707f01bcb0,1970,1,1,3,0,,,,,,,,,,
ð á° á§  á á¬ ð ðð¤,1970-01-01 00:27:47.234519483+00:00,Ohh,False,False,,,,,,,,,f9bd916bdb872dcdd4cceff4b35fd3e4,1970,1,1,3,0,,,,,,,,,,
ððªð§ðª,1970-01-01 00:27:47.234512764+00:00,Sandy engira santhosh,False,False,,,,,,,,,109f03ed8af6ab33628974a2d67f4313,1970,1,1,3,0,,,,,,,,,,
ð á° á§  á á¬ ð ðð¤,1970-01-01 00:27:47.234508761+00:00,Evan paru enna,False,False,,,,,,,,,86f63f4b58795f37e38385e4a5d55a5f,1970,1,1,3,0,,,,,,,,,,
ð á° á§  á á¬ ð ðð¤,1970-01-01 00:27:47.234497872+00:00,Evan paru tha sandy ya,False,False,,,,,,,,,b686c04bc5756a0fe552a57e06a4720e,1970,1,1,3,0,,,,,,,,,,
ð á° á§  á á¬ ð ðð¤,1970-01-01 00:27:47.234475132+00:00,Tq,False,False,,,,,,,,,819a1fb7d161a5c76e100230b6950f5c,1970,1,1,3,0,,,,,,,,,,
ð á° á§  á á¬ ð ðð¤,1970-01-01 00:27:47.234472645+00:00,Ok da,False,False,,,,,,,,,57151eaf1710b74644b10ea0058a3af6,1970,1,1,3,0,,,,,,,,,,
ððªð§ðª,1970-01-01 00:27:47.234464077+00:00,âï¸,False,False,,,,,,,,,1d429521309cf793b4159573db198c38,1970,1,1,3,0,,,,,,,,,,
ððªð§ðª,1970-01-01 00:27:47.234453806+00:00,,False,False,,,,,,,your_instagram_activity/messages/inbox/17845425413785945/photos/310016002_1121726898736044_5747469214962270894_n_1121726892069378.jpg,1970-01-01 00:00:01.667234451+00:00,ad75e85b2118a39d691c4abbfffdd003,1970,1,1,3,0,,,,,,1970.0,1.0,1.0,3.0,0.0
ððªð§ðª,1970-01-01 00:27:47.234323468+00:00,Insta ila phone number thaa iruku,False,False,,,,,,,,,f9789f33642eea8daf9350ad5e8c04fd,1970,1,1,3,0,,,,,,,,,,
ð á° á§  á á¬ ð ðð¤,1970-01-01 00:27:47.234302761+00:00,Insta id aachi sollu da,False,False,,,,,,,,,6fab717440c31a647b54f5090579cfd7,1970,1,1,3,0,,,,,,,,,,
ððªð§ðª,1970-01-01 00:27:47.234297446+00:00,M,False,False,,,,,,,,,8976d4511571bda62bf362dcb1c73ed2,1970,1,1,3,0,,,,,,,,,,
ð á° á§  á á¬ ð ðð¤,1970-01-01 00:27:47.234295220+00:00,Avan photo,False,False,,,,,,,,,28d3805dfb3ff4b1a1852ca255cb15fe,1970,1,1,3,0,,,,,,,,,,
ð á° á§  á á¬ ð ðð¤,1970-01-01 00:27:47.234289773+00:00,Thambi class tha,False,False,,,,,,,,,298688e5fc6260abbfe34855b6b376ff,1970,1,1,3,0,,,,,,,,,,
ð á° á§  á á¬ ð ðð¤,1970-01-01 00:27:47.234281746+00:00,Enga ooru scl tha da ava padikura,False,False,,,,,,,,,036f0529bffeea09f9ac98fb2feb9d5a,1970,1,1,3,0,,,,,,,,,,
ððªð§ðª,1970-01-01 00:27:47.234249249+00:00,Voonaku eppudi teriyum,False,False,,,,,,,,,f42427b406676c0b0f4c6c20eab15da9,1970,1,1,3,0,,,,,,,,,,
ððªð§ðª,1970-01-01 00:27:47.234232740+00:00,Avala Avan Anna peeru madhavana,False,False,,,,,,,,,d129dd8138831d95fd242e9e8c25fdab,1970,1,1,3,0,,,,,,,,,,
ð á° á§  á á¬ ð ðð¤,1970-01-01 00:27:47.234217988+00:00,ð¤£ð¤£,False,False,,,,,,,,,258f78ccd7401be4b967a1f97f868140,1970,1,1,3,0,,,,,,,,,,
ð á° á§  á á¬ ð ðð¤,1970-01-01 00:27:47.234202020+00:00,Karamadu road pothu la aanga iaruka la ava tha,False,False,,,,,,,,,1cdc05b571f010a2e963549268796b7a,1970,1,1,3,0,,,,,,,,,,
ð á° á§  á á¬ ð ðð¤,1970-01-01 00:27:47.234182426+00:00,Unga ooru tha da,False,False,,,,,,,,,bc99ecb8f6742dd6a74b0e39fa488a1e,1970,1,1,3,0,,,,,,,,,,
ððªð§ðª,1970-01-01 00:27:47.234170294+00:00,Sumithara va yarru,False,False,,,,,,,,,67595ae7d67b32ff44822fa62abbfdec,1970,1,1,3,0,,,,,,,,,,
ð á° á§  á á¬ ð ðð¤,1970-01-01 00:27:47.234164459+00:00,Approm konjam details venum,False,False,,,,,,,,,5fea12c28a976c18f0200fe3f18db54b,1970,1,1,3,0,,,,,,,,,,
ððªð§ðª,1970-01-01 00:27:47.234155085+00:00,Otha nee oruthana pathi ketalae love matter thaada,False,False,,,,,,,,,730da344f7bd5ab8c1893444598f7e7c,1970,1,1,3,0,,,,,,,,,,
ð á° á§  á á¬ ð ðð¤,1970-01-01 00:27:47.234149917+00:00,Avan photo venum da,False,False,,,,,,,,,86c5f8bfd66299a21ec809c0369c3870,1970,1,1,3,0,,,,,,,,,,
ð á° á§  á á¬ ð ðð¤,1970-01-01 00:27:47.234133875+00:00,Ava over aa panura,False,False,,,,,,,,,0f2f1e3478e2380533aa41b3a6e6e908,1970,1,1,3,0,,,,,,,,,,
ð á° á§  á á¬ ð ðð¤,1970-01-01 00:27:47.234125024+00:00,Sumithara va love panura da,False,False,,,,,,,,,951ce47843e1f73a21197ca827b05ef6,1970,1,1,3,0,,,,,,,,,,
ððªð§ðª,1970-01-01 00:27:47.234106542+00:00,Love panranuu teriyum yarana teriyathu,False,False,,,,,,,,,f080c758dc2804f63d34ca8b6dd6d0c9,1970,1,1,3,0,,,,,,,,,,
ð á° á§  á á¬ ð ðð¤,1970-01-01 00:27:47.234073972+00:00,Avan yara love panura,False,False,,,,,,,,,212d43beb409a5bae8796bfdffdabc30,1970,1,1,3,0,,,,,,,,,,
ððªð§ðª,1970-01-01 00:27:47.233989246+00:00,Yen macha,False,False,,,,,,,,,594cceb6fa816b464e1562ce47b161f7,1970,1,1,3,0,,,,,,,,,,
ð á° á§  á á¬ ð ðð¤,1970-01-01 00:27:47.233976500+00:00,Venum da,False,False,,,,,,,,,7018e04a3b83989ae23fd632d24d2ac8,1970,1,1,3,0,,,,,,,,,,
ð á° á§  á á¬ ð ðð¤,1970-01-01 00:27:47.233973912+00:00,Paru da,False,False,,,,,,,,,422dc9ad9c127da6c7dbc1c46229e9e3,1970,1,1,3,0,,,,,,,,,,
ððªð§ðª,1970-01-01 00:27:47.233963824+00:00,Photo iruka terla,False,False,,,,,,,,,a05cdcb3f053af02d64b97188e12548a,1970,1,1,3,0,,,,,,,,,,
ð á° á§  á á¬ ð ðð¤,1970-01-01 00:27:47.233947526+00:00,Machi avan photo aanapu da,False,False,,,,,,,,,aa74dfde152cbf064e63e46efb6e0e87,1970,1,1,3,0,,,,,,,,,,
ððªð§ðª,1970-01-01 00:27:47.233932401+00:00,Solra yen,False,False,,,,,,,,,0867fc73b87f32219b20efe94ddecc05,1970,1,1,3,0,,,,,,,,,,
ððªð§ðª,1970-01-01 00:27:47.233924652+00:00,M,False,False,,,,,,,,,c6d16d7538d8d27b9669eeba0f579dd9,1970,1,1,3,0,,,,,,,,,,
ð á° á§  á á¬ ð ðð¤,1970-01-01 00:27:47.233407973+00:00,Sandy nu Unaku unga oorula yaru na thiraiyum ma da,False,False,,,,,,,,,7d6032a4a6b2fbf75795c3e25737e893,1970,1,1,3,0,,,,,,,,,,
ð á° á§  á á¬ ð ðð¤,1970-01-01 00:27:47.233393384+00:00,Dai,False,False,,,,,,,,,95febe56171f58fcb1ac7d5f2c831b0f,1970,1,1,3,0,,,,,,,,,,
ð á° á§  á á¬ ð ðð¤,1970-01-01 00:27:47.184763278+00:00,ð sent an attachment.,False,False,â¤ï¸,ððªð§ðª,1970-01-01 00:00:01.667185046+00:00,,,,,,1c12ec8a088f2186a4601a242d2cefe9,1970,1,1,3,0,1970.0,1.0,1.0,3.0,0.0,,,,,
ð á° á§  á á¬ ð ðð¤,1970-01-01 00:27:46.924355458+00:00,ð sent an attachment.,False,False,â¤ï¸,ððªð§ðª,1970-01-01 00:00:01.666924985+00:00,,,,,,40bcb60409533f2ff9cfb6ca7cd841eb,1970,1,1,3,0,1970.0,1.0,1.0,3.0,0.0,,,,,
ð á° á§  á á¬ ð ðð¤,1970-01-01 00:27:45.675653814+00:00,ð¥,False,False,,,,,,,,,d7b31c28af7af6bc684906b5b5dc1f37,1970,1,1,3,0,,,,,,,,,,
ð á° á§  á á¬ ð ðð¤,1970-01-01 00:27:42.820328285+00:00,ð sent an attachment.,False,False,,,,all_bgm_center,https://www.instagram.com/reel/ChWZFsjDXUm/?id=2906620952107119910_54595880128,Tag your friends.... ððð¤£,,,ca45658826f436a0f4e22b512ca6f373,1970,1,1,3,0,,,,,,,,,,
ð á° á§  á á¬ ð ðð¤,1970-01-01 00:27:42.649547412+00:00,ð sent an attachment.,False,False,,,,,,,,,e7814768cf3902f46448e480950f64a9,1970,1,1,3,0,,,,,,,,,,
ð á° á§  á á¬ ð ðð¤,1970-01-01 00:27:42.560187986+00:00,ð sent an attachment.,False,False,â¤ï¸,ððªð§ðª,1970-01-01 00:00:01.662560279+00:00,lollipop.tamil,https://www.instagram.com/reel/CiHvVy1jh1C/?id=2920511089253686594_55007782249,"à®à®©à¯à®©à¯ à®ªà®¾à®°à¯à®¤à¯à®¤à®¾à®²à¯ à®ªà®¯à®ªà¯à®ªà®à¯à®±à®¾à®à¯à® #shorts #lollipop #tamil #love #instagram #trending #tamilactress #tamilcinema #tamilbgm #memes #tamilstatus #tamilsongs #tamilvideo #tamilmusic #tamilactors #tamiltrending #tamilan

â¥ï¸ à®¨à®®à¯à®ªà®¿ Follow à®ªà®£à¯à®£à¯à®à¯à® â¥ï¸
à®®à®±à®à¯à®à®¾à®® ð Support ð¤ Follow",,,6c777edfde1e0068ed5788956167d846,1970,1,1,3,0,1970.0,1.0,1.0,3.0,0.0,,,,,
ð á° á§  á á¬ ð ðð¤,1970-01-01 00:27:41.703734482+00:00,Sry for late wish mama,False,False,â¤ï¸,ððªð§ðª,1970-01-01 00:00:01.661741738+00:00,,,,,,00cfa2422c250b55a69e9440901713a2,1970,1,1,3,0,1970.0,1.0,1.0,3.0,0.0,,,,,
ð á° á§  á á¬ ð ðð¤,1970-01-01 00:27:41.703723458+00:00,Happi birthday broo,False,False,,,,,,,,,1fa46987e2efb725abbf01200db4e838,1970,1,1,3,0,,,,,,,,,,
ð á° á§  á á¬ ð ðð¤,1970-01-01 00:27:41.703609332+00:00,ð sent an attachment.,False,False,,,,,,,,,0fe43c3260243fe85305b78697d82905,1970,1,1,3,0,,,,,,,,,,
ððªð§ðª,1970-01-01 00:27:40.908215183+00:00,ð,False,False,,,,,,,,,0c14af83d5b31d28fb6e72c64a2cb426,1970,1,1,3,0,,,,,,,,,,
ð á° á§  á á¬ ð ðð¤,1970-01-01 00:27:40.907285700+00:00,ð sent an attachment.,False,False,,,,all_bgms_,https://www.instagram.com/reel/ChTo_UIl8Kk/?id=2905846457390580388_35061975354,"Tag Your Friends...ðð
. 
. 
. 
. 
. 
. 
. 
. 
. 
. 
. 
. 
. 
. 
. 
. 
. 
â¢
â¢
â¢
â¢
#lovesong #lovesongtamil #motivationstatus
#friends #motivation #motivationreels
#reelsinsta #viral #love
#lovesongs #reel #reels #reelsvideo #reelstamil #kollywoodreels #reelitfeelitâ¤ï¸ #reelstrending
#reels #reelsinstagram #reelsvideo #reelsindia #reelitfeelit #reelkarofeelkaro #tamil #tamilsongs #songs #statussongs #trending #hits #tamilstatus #follownow",,,7d5ce03cf2a2962dfd649c69eda4492f,1970,1,1,3,0,,,,,,,,,,
ððªð§ðª,1970-01-01 00:27:40.836662367+00:00,ð,False,False,,,,,,,,,1cda4d7d97dc4c3c9863d7591a1527b3,1970,1,1,3,0,,,,,,,,,,
ð á° á§  á á¬ ð ðð¤,1970-01-01 00:27:40.836645577+00:00,ð sent an attachment.,False,False,,,,favouriteshadow,https://www.instagram.com/p/ChZ0pstJuFH/,"Na cough syrup ah sonna...!ð
Admin~ #sinsetâï¸",,,d789b0c615cf3f41d79e0ce7c5ebce6a,1970,1,1,3,0,,,,,,,,,,
ð á° á§  á á¬ ð ðð¤,1970-01-01 00:27:40.666264513+00:00,,False,False,â¤ï¸,ððªð§ðª,1970-01-01 00:00:01.660667662+00:00,,,,,,e1890a939d049062c359904e33d1d22c,1970,1,1,3,0,1970.0,1.0,1.0,3.0,0.0,,,,,
ð á° á§  á á¬ ð ðð¤,1970-01-01 00:27:40.665806763+00:00,,False,False,â¤ï¸,ððªð§ðª,1970-01-01 00:00:01.660665829+00:00,,,,,,757abed50a6b53c8c80e2a64dfe8af4b,1970,1,1,3,0,1970.0,1.0,1.0,3.0,0.0,,,,,
ððªð§ðª,1970-01-01 00:27:40.532199897+00:00,Sollu da,False,False,,,,,,,,,c33e9a95b9c03c475276580e63ee9c2a,1970,1,1,3,0,,,,,,,,,,
ð á° á§  á á¬ ð ðð¤,1970-01-01 00:27:40.499772294+00:00,Dai,False,False,,,,,,,,,5c922cac13f50e59b52189f4317b79ae,1970,1,1,3,0,,,,,,,,,,
ð á° á§  á á¬ ð ðð¤,1970-01-01 00:27:40.496105896+00:00,,False,False,,,,,,,,,e422f349abbcd362677f3201d0d47ad8,1970,1,1,3,0,,,,,,,,,,
ððªð§ðª,1970-01-01 00:27:40.276267669+00:00,,False,False,,,,,,,,,2812ea00d6de2ef3fde20ec0dc5c1e0b,1970,1,1,3,0,,,,,,,,,,
ð á° á§  á á¬ ð ðð¤,1970-01-01 00:27:40.225437012+00:00,à®à®à¯à®à®³à¯  à®®à¯à®à¯à®à¯à®à¯à®à¯ ð® à®à®© à®à®£à®°à¯à®à¯à®à®¿à®¯à¯ à®µà¯à®³à®¿à®ªà¯à®ªà®à¯à®¤à¯à®¤à®¿à®©à®¾à®°à¯,False,False,,,,,,,,,22d9ec3d62695906294cf85d4473b190,1970,1,1,3,0,,,,,,,,,,
ððªð§ðª,1970-01-01 00:27:40.225418191+00:00,,False,False,ð®,ð á° á§  á á¬ ð ðð¤,1970-01-01 00:00:01.660225437+00:00,vadivelumemes,https://www.instagram.com/p/ChGcaw9v6Uh/,"ð¤£ð¤£ð¤£
#magilzchið 
#vadivelumemes",,,dd996649b78f627d4f79a47275b3384e,1970,1,1,3,0,1970.0,1.0,1.0,3.0,0.0,,,,,
ð á° á§  á á¬ ð ðð¤,1970-01-01 00:27:39.710003929+00:00,,False,False,,,,,,,,,d5020a73366a2e6d488479e7cae52540,1970,1,1,3,0,,,,,,,,,,
ð á° á§  á á¬ ð ðð¤,1970-01-01 00:27:39.665284252+00:00,,False,False,,,,,,,,,1acdc8482735562ff4c285ef5530cf9f,1970,1,1,3,0,,,,,,,,,,
ð á° á§  á á¬ ð ðð¤,1970-01-01 00:27:39.537456565+00:00,,False,False,â¤ï¸,ððªð§ðª,1970-01-01 00:00:01.659592445+00:00,,,,,,921b973c1345c0ea100d190e403960ef,1970,1,1,3,0,1970.0,1.0,1.0,3.0,0.0,,,,,
ð á° á§  á á¬ ð ðð¤,1970-01-01 00:27:39.430291044+00:00,,False,False,â¤ï¸,ððªð§ðª,1970-01-01 00:00:01.659436219+00:00,,,,,,a35b1629034c4621d4c527dd3a15870a,1970,1,1,3,0,1970.0,1.0,1.0,3.0,0.0,,,,,
ð á° á§  á á¬ ð ðð¤,1970-01-01 00:27:39.167238801+00:00,,False,False,â¤ï¸,ððªð§ðª,1970-01-01 00:00:01.659167251+00:00,,,,,,20263bc33c1e5a5a0b82e31302ef4c77,1970,1,1,3,0,1970.0,1.0,1.0,3.0,0.0,,,,,
ððªð§ðª,1970-01-01 00:27:38.929873939+00:00,dai punda na eppa athalam,False,False,,,,,,,,,8bfdb1ec7086c36cca384b1e0da48638,1970,1,1,3,0,,,,,,,,,,
ð á° á§  á á¬ ð ðð¤,1970-01-01 00:27:38.929850134+00:00,Aathu la panna mataiya,False,False,,,,,,,,,c17cfa41c2f5e579ae15bd58bdfe183c,1970,1,1,3,0,,,,,,,,,,
ð á° á§  á á¬ ð ðð¤,1970-01-01 00:27:38.929844799+00:00,Nee pa,False,False,,,,,,,,,04a02fb469d56e5e7a129681ebb17f35,1970,1,1,3,0,,,,,,,,,,
ððªð§ðª,1970-01-01 00:27:38.929834739+00:00,nee thaa da,False,False,,,,,,,,,596e1965ce98aa41d635704e48d56788,1970,1,1,3,0,,,,,,,,,,
ð á° á§  á á¬ ð ðð¤,1970-01-01 00:27:38.929201737+00:00,,False,False,,,,,,,,,60d90d468964a5d03c7a7afee39cfdd9,1970,1,1,3,0,,,,,,,,,,
ððªð§ðª,1970-01-01 00:27:38.905683111+00:00,ð,False,False,,,,,,,,,7cb19df12827fb2ce05ce60ec15413c8,1970,1,1,3,0,,,,,,,,,,
ð á° á§  á á¬ ð ðð¤,1970-01-01 00:27:38.905648879+00:00,,False,False,,,,,,,,,c1ca1941dd2dbeea7a72676c631fffbc,1970,1,1,3,0,,,,,,,,,,
ð á° á§  á á¬ ð ðð¤,1970-01-01 00:27:38.732479772+00:00,,False,False,â¤ï¸,ððªð§ðª,1970-01-01 00:00:01.658737218+00:00,,,,,,32abc9732b8b09395a88fab52ea680cd,1970,1,1,3,0,1970.0,1.0,1.0,3.0,0.0,,,,,
ððªð§ðª,1970-01-01 00:27:38.731625465+00:00,ð,False,False,,,,,,,,,da1b62b0c62c352b4b28338ea2148559,1970,1,1,3,0,,,,,,,,,,
ð á° á§  á á¬ ð ðð¤,1970-01-01 00:27:38.731582761+00:00,,False,False,,,,,,,,,0c05a972f3597d621a13dd9b52fc54b9,1970,1,1,3,0,,,,,,,,,,
ð á° á§  á á¬ ð ðð¤,1970-01-01 00:27:38.666670738+00:00,à®à®à¯à®à®³à¯  à®®à¯à®à¯à®à¯à®à¯à®à¯ â¤ï¸ à®à®© à®à®£à®°à¯à®à¯à®à®¿à®¯à¯ à®µà¯à®³à®¿à®ªà¯à®ªà®à¯à®¤à¯à®¤à®¿à®©à®¾à®°à¯,False,False,,,,,,,,,d56c22815bf5ba98d742f49420165c87,1970,1,1,3,0,,,,,,,,,,
ððªð§ðª,1970-01-01 00:27:38.666369736+00:00,,False,False,â¤ï¸,ð á° á§  á á¬ ð ðð¤,1970-01-01 00:00:01.658666670+00:00,trollsingles,https://www.instagram.com/p/CgZS-ynPuV9/,ðð¤£,,,90f596631478ad1710549d9270161019,1970,1,1,3,0,1970.0,1.0,1.0,3.0,0.0,,,,,
ð á° á§  á á¬ ð ðð¤,1970-01-01 00:27:38.662724310+00:00,à®à®à¯à®à®³à¯  à®®à¯à®à¯à®à¯à®à¯à®à¯ â¤ï¸ à®à®© à®à®£à®°à¯à®à¯à®à®¿à®¯à¯ à®µà¯à®³à®¿à®ªà¯à®ªà®à¯à®¤à¯à®¤à®¿à®©à®¾à®°à¯,False,False,,,,,,,,,62272e6081b25a266047cac7fec858ca,1970,1,1,3,0,,,,,,,,,,
ððªð§ðª,1970-01-01 00:27:38.662348302+00:00,,False,False,â¤ï¸,ð á° á§  á á¬ ð ðð¤,1970-01-01 00:00:01.658662724+00:00,iragai_pol,https://www.instagram.com/p/CgY6q8GPaDt/?carousel_share_child_media_id=2889317198403051757_48840775723,"ðð®ð½ð½ð ðð¶ð¿ððµð±ð®ð @vijayantony ð¤ð©ð¥
_
ðð¼ð¹ð¹ð¼ð ð®ð»ð± ððð½ð½ð¼ð¿ð @iragai_pol 
_
@arr.u1.harriz 
@arrameen
@arr_.yuvan._harris 
@arr.and.yuvan 
@arr.world_ 
@yuvan.and.arr 
@arr 
@arr.music.world 
@the.maniratnam.arr.era 
@arr_harris_world_ 
@ar_rahman703 
_
#vijayantony #vijayantonymusical #vikram #arr #arrahmanbgm #arrrahman #arrahmansong #arrahaman #drstrange #harrisjayaraj #harris #harrisjayarajmusical #harrisjeyaraj #surya #gvm #yuvan #yuvanveriyan #yuvanfan #yuvanshankarraja #yuvanfan #u1 #music #musiclover #iragaipol
_

ð§ðµð¶ð ðð¶ð±ð²ð¼ ð¶ð ð»ð¼ð ð¼ðð»ð²ð± ð¯ð ðºð²
ð§ðµð¶ð ðð¶ð±ð²ð¼ ð°ð¿ð²ð±ð¶ðð ð´ð¼ð²ð ðð¼ ð¿ð²ðð½ð²ð°ðð¶ðð²
_
ð¦ð¤â¨",,,0e2d4e1e349358b84901f6ed369db5f7,1970,1,1,3,0,1970.0,1.0,1.0,3.0,0.0,,,,,
ð á° á§  á á¬ ð ðð¤,1970-01-01 00:27:38.497772549+00:00,à®à®à¯à®à®³à¯  à®®à¯à®à¯à®à¯à®à¯à®à¯ ð à®à®© à®à®£à®°à¯à®à¯à®à®¿à®¯à¯ à®µà¯à®³à®¿à®ªà¯à®ªà®à¯à®¤à¯à®¤à®¿à®©à®¾à®°à¯,False,False,,,,,,,,,4a2d99e3d77f996d05a10801285eb4f3,1970,1,1,3,0,,,,,,,,,,
ððªð§ðª,1970-01-01 00:27:38.497739247+00:00,,False,False,ð,ð á° á§  á á¬ ð ðð¤,1970-01-01 00:00:01.658497772+00:00,,,,,,5f3a497f677117ac65aeee06ba2a2d20,1970,1,1,3,0,1970.0,1.0,1.0,3.0,0.0,,,,,
ððªð§ðª,1970-01-01 00:27:38.386993504+00:00,ð,False,False,,,,,,,,,1d265ba993e54c28acce37a968a4addf,1970,1,1,3,0,,,,,,,,,,
ð á° á§  á á¬ ð ðð¤,1970-01-01 00:27:38.386952802+00:00,,False,False,,,,,,,,,f7e61072085cec5b796753db641a59c0,1970,1,1,3,0,,,,,,,,,,
ð á° á§  á á¬ ð ðð¤,1970-01-01 00:27:38.383133713+00:00,Ohh ok da,False,False,,,,,,,,,ebc2ec0804dc0244154fd10905066060,1970,1,1,3,0,,,,,,,,,,
ððªð§ðª,1970-01-01 00:27:38.382034128+00:00,Edit uu,False,False,,,,,,,,,ffdf6af7cb0bc78506f1610b2303b5bf,1970,1,1,3,0,,,,,,,,,,
ððªð§ðª,1970-01-01 00:27:38.381968271+00:00,,False,False,,,,,,,,,dce8b3ab8df9115bf6a0d4e40e841718,1970,1,1,3,0,,,,,,,,,,
ððªð§ðª,1970-01-01 00:27:38.282834587+00:00,ð,False,False,,,,,,,,,1f1df7ff050fe293e03f8175d61f7cab,1970,1,1,3,0,,,,,,,,,,
ð á° á§  á á¬ ð ðð¤,1970-01-01 00:27:38.250295303+00:00,,False,False,,,,,,,,,88fa9b2cf61396c0717b4563ef82e13b,1970,1,1,3,0,,,,,,,,,,
ððªð§ðª,1970-01-01 00:27:38.203113606+00:00,,False,False,,,,,,,,,20978dae1b4bb1996bb852bb46de920b,1970,1,1,3,0,,,,,,,,,,
ð á° á§  á á¬ ð ðð¤,1970-01-01 00:27:38.129757501+00:00,Ohh aapadi ya,False,False,,,,,,,,,f4289075d705ce4a26dc7e49f755e43c,1970,1,1,3,0,,,,,,,,,,
ððªð§ðª,1970-01-01 00:27:38.123613932+00:00,Ante Sundaraniki kuu podalamnu pathaen,False,False,,,,,,,,,0a1843eb8dadfd9b9ac76222c7745aeb,1970,1,1,3,0,,,,,,,,,,
ððªð§ðª,1970-01-01 00:27:38.123608312+00:00,Heart ð naduvoola iruntha nalla iruthuchiii,False,False,,,,,,,,,3946b52c7d922c3c8ffd0b1026a0db84,1970,1,1,3,0,,,,,,,,,,
ð á° á§  á á¬ ð ðð¤,1970-01-01 00:27:38.072656357+00:00,A s na enna da,False,False,,,,,https://instagram.com/stories/gx._.lee/2884442297784432967,,,,6f8492e088a688f3aed237a068be7dcc,1970,1,1,3,0,,,,,,,,,,
ð á° á§  á á¬ ð ðð¤,1970-01-01 00:27:37.470099444+00:00,,False,False,â¤ï¸,ððªð§ðª,1970-01-01 00:00:01.657504678+00:00,,,,,,f9429bd6a9a177b01dbc6d3e794a9189,1970,1,1,3,0,1970.0,1.0,1.0,3.0,0.0,,,,,
ð á° á§  á á¬ ð ðð¤,1970-01-01 00:27:37.262580111+00:00,,False,False,â¤ï¸,ððªð§ðª,1970-01-01 00:00:01.657267398+00:00,,,,,,43603a0f941b1e1cf455b9765807a5f9,1970,1,1,3,0,1970.0,1.0,1.0,3.0,0.0,,,,,
ð á° á§  á á¬ ð ðð¤,1970-01-01 00:27:37.262296969+00:00,,False,False,,,,,,,,,e85289ffa6ae4325f2c88a919321bccc,1970,1,1,3,0,,,,,,,,,,
ððªð§ðª,1970-01-01 00:27:37.179766695+00:00,Thalaivarae,False,False,,,,,,,,,d2b86b9b02f2137f1653b8c9dfc8fba4,1970,1,1,3,0,,,,,,,,,,
ð á° á§  á á¬ ð ðð¤,1970-01-01 00:27:37.023077238+00:00,à®à®à¯à®à®³à¯  à®®à¯à®à¯à®à¯à®à¯à®à¯ â¤ï¸ à®à®© à®à®£à®°à¯à®à¯à®à®¿à®¯à¯ à®µà¯à®³à®¿à®ªà¯à®ªà®à¯à®¤à¯à®¤à®¿à®©à®¾à®°à¯,False,False,,,,,,,,,ee944ed96d51a97edf84f290f679a295,1970,1,1,3,0,,,,,,,,,,
ððªð§ðª,1970-01-01 00:27:37.023060264+00:00,,False,False,â¤ï¸,ð á° á§  á á¬ ð ðð¤,1970-01-01 00:00:01.657023077+00:00,,,,,,5bf1cfcd588d18fbdc1239a3fc903397,1970,1,1,3,0,1970.0,1.0,1.0,3.0,0.0,,,,,
ð á° á§  á á¬ ð ðð¤,1970-01-01 00:27:36.831741861+00:00,Arni la tha iarukan,False,False,â¤ï¸,ððªð§ðª,1970-01-01 00:00:01.656833514+00:00,,,,,,27e245959aaf2be2779433dc56910e46,1970,1,1,3,0,1970.0,1.0,1.0,3.0,0.0,,,,,
ð á° á§  á á¬ ð ðð¤,1970-01-01 00:27:36.831732492+00:00,à®à®à¯à®à®³à¯  à®®à¯à®à¯à®à¯à®à¯à®à¯ â¤ï¸ à®à®© à®à®£à®°à¯à®à¯à®à®¿à®¯à¯ à®µà¯à®³à®¿à®ªà¯à®ªà®à¯à®¤à¯à®¤à®¿à®©à®¾à®°à¯,False,False,,,,,,,,,5e9f137e84b6d56d7cf5c501dd9dc343,1970,1,1,3,0,,,,,,,,,,
ððªð§ðª,1970-01-01 00:27:36.830985745+00:00,,False,False,â¤ï¸,ð á° á§  á á¬ ð ðð¤,1970-01-01 00:00:01.656831732+00:00,mokkapostu,https://www.instagram.com/p/CfimKqXLw3E/,Enkita GPay pana soli ketingana Vagundu viduven... ð,,,cbba405087d2db9308457ab76a97f5d3,1970,1,1,3,0,1970.0,1.0,1.0,3.0,0.0,,,,,
ð á° á§  á á¬ ð ðð¤,1970-01-01 00:27:36.744963691+00:00,,False,False,â¤ï¸,ððªð§ðª,1970-01-01 00:00:01.656745715+00:00,,,,,,abf18cd9fa0facada54ac14b98a43dc6,1970,1,1,3,0,1970.0,1.0,1.0,3.0,0.0,,,,,
ð á° á§  á á¬ ð ðð¤,1970-01-01 00:27:36.662578446+00:00,Ohhhh,False,False,,,,,,,,,7d8c591acb56bc16aaa1501a84562d55,1970,1,1,3,0,,,,,,,,,,
ððªð§ðª,1970-01-01 00:27:36.662547982+00:00,Vit,False,False,,,,,,,,,d66af5f005361132a37fffa728798f1a,1970,1,1,3,0,,,,,,,,,,
ððªð§ðª,1970-01-01 00:27:36.662544496+00:00,Vellore,False,False,,,,,,,,,b50836bf818bb2a6e475e36bb3b83190,1970,1,1,3,0,,,,,,,,,,
ð á° á§  á á¬ ð ðð¤,1970-01-01 00:27:36.662506547+00:00,Enga brooo,False,False,,,,,https://instagram.com/stories/gx._.lee/2872613528270593494,,,,2c6934519537e8d76363df65be7133f5,1970,1,1,3,0,,,,,,,,,,
ð á° á§  á á¬ ð ðð¤,1970-01-01 00:27:36.604818179+00:00,,False,False,â¤ï¸,ððªð§ðª,1970-01-01 00:00:01.656630042+00:00,,,,,,76f386dad9ce9d96782dd4b665f13ba8,1970,1,1,3,0,1970.0,1.0,1.0,3.0,0.0,,,,,
ððªð§ðª,1970-01-01 00:27:36.591567598+00:00,,False,False,,,,,,,,,e96a5bb2742dae49f3969b1ead5183e4,1970,1,1,3,0,,,,,,,,,,
ð á° á§  á á¬ ð ðð¤,1970-01-01 00:27:36.512481067+00:00,,False,False,,,,,,,,,598f097d4a9878c332f8b87101338e8b,1970,1,1,3,0,,,,,,,,,,
ððªð§ðª,1970-01-01 00:27:36.341845125+00:00,,False,False,,,,,,,,,7f87d07d4e333b35b1da0fabd8463ec5,1970,1,1,3,0,,,,,,,,,,
ððªð§ðª,1970-01-01 00:27:36.316416378+00:00,,False,False,,,,,,,,,5ccc19e18acf4388bc7fb8a3d50a8364,1970,1,1,3,0,,,,,,,,,,
ð á° á§  á á¬ ð ðð¤,1970-01-01 00:27:36.257707140+00:00,à®à®à¯à®à®³à¯  à®®à¯à®à¯à®à¯à®à¯à®à¯ â¤ï¸ à®à®© à®à®£à®°à¯à®à¯à®à®¿à®¯à¯ à®µà¯à®³à®¿à®ªà¯à®ªà®à¯à®¤à¯à®¤à®¿à®©à®¾à®°à¯,False,False,,,,,,,,,fe77f36c15d8897d984fd2683cdd38a3,1970,1,1,3,0,,,,,,,,,,
ððªð§ðª,1970-01-01 00:27:36.253633300+00:00,,False,False,â¤ï¸,ð á° á§  á á¬ ð ðð¤,1970-01-01 00:00:01.656257707+00:00,,,,,,91be5a40720d086c5c6ee5a53165bd96,1970,1,1,3,0,1970.0,1.0,1.0,3.0,0.0,,,,,
ð á° á§  á á¬ ð ðð¤,1970-01-01 00:27:35.973260668+00:00,,False,False,â¤ï¸,ððªð§ðª,1970-01-01 00:00:01.655979103+00:00,,,,,,7cc3214bf4694dccf50d1530ba72b168,1970,1,1,3,0,1970.0,1.0,1.0,3.0,0.0,,,,,
ð á° á§  á á¬ ð ðð¤,1970-01-01 00:27:35.972486683+00:00,,False,False,,,,,,,,,3e65d2c57c4d3692efa6c3d0f029c31a,1970,1,1,3,0,,,,,,,,,,
ð á° á§  á á¬ ð ðð¤,1970-01-01 00:27:35.308369921+00:00,,False,False,â¤ï¸,ððªð§ðª,1970-01-01 00:00:01.655308607+00:00,,,,,,00ed4aa84f49edafbc167a3efa97931a,1970,1,1,3,0,1970.0,1.0,1.0,3.0,0.0,,,,,
ððªð§ðª,1970-01-01 00:27:35.116948777+00:00,Savooda,False,False,,,,,,,,,000c8adcde5d9c85583f7c65ef4d712f,1970,1,1,3,0,,,,,,,,,,
ð á° á§  á á¬ ð ðð¤,1970-01-01 00:27:34.934375768+00:00,,False,False,,,,,,,,,5242d53c85a3bc93d2aadfbe75ac7550,1970,1,1,3,0,,,,,,,,,,
ð á° á§  á á¬ ð ðð¤,1970-01-01 00:27:34.707723300+00:00,,False,False,â¤ï¸,ððªð§ðª,1970-01-01 00:00:01.654741775+00:00,,,,,,ba411e2373eec2208df3f4ff15715d7e,1970,1,1,3,0,1970.0,1.0,1.0,3.0,0.0,,,,,
ð á° á§  á á¬ ð ðð¤,1970-01-01 00:27:34.609776217+00:00,à®à®à¯à®à®³à¯  à®®à¯à®à¯à®à¯à®à¯à®à¯ â¤ï¸ à®à®© à®à®£à®°à¯à®à¯à®à®¿à®¯à¯ à®µà¯à®³à®¿à®ªà¯à®ªà®à¯à®¤à¯à®¤à®¿à®©à®¾à®°à¯,False,False,,,,,,,,,61bb7847e3e8869286d00338822989ff,1970,1,1,3,0,,,,,,,,,,
ððªð§ðª,1970-01-01 00:27:34.606968918+00:00,,False,False,â¤ï¸,ð á° á§  á á¬ ð ðð¤,1970-01-01 00:00:01.654609776+00:00,vera_level_memes,https://www.instagram.com/p/CegT4dpJTKB/,"Kalyanathula prechana panama vida maten dað
_vishal_sammy_",,,8ededc77b5ea6e7793a1bb7b1acc055a,1970,1,1,3,0,1970.0,1.0,1.0,3.0,0.0,,,,,
ððªð§ðª,1970-01-01 00:27:33.880921248+00:00,Sollu thala,False,False,,,,,,,,,2c0bdc184d0a97c677386dfb125d19bb,1970,1,1,3,0,,,,,,,,,,
ð á° á§  á á¬ ð ðð¤,1970-01-01 00:27:33.834088240+00:00,Dai Guru,False,False,,,,,,,,,21a5509d3d1e1f2d8d5a8b4e01b9353b,1970,1,1,3,0,,,,,,,,,,
