sender_name,timestamp_ms,content,is_geoblocked_for_viewer,is_unsent_image_by_messenger_kid_parent,photos_0_uri,photos_0_creation_timestamp,reactions_0_reaction,reactions_0_actor,reactions_0_timestamp,share_link,share_share_text,share_original_content_owner,call_duration,unique_id,timestamp_ms_year,timestamp_ms_month,timestamp_ms_day,timestamp_ms_weekday,timestamp_ms_hour,photos_0_creation_timestamp_year,photos_0_creation_timestamp_month,photos_0_creation_timestamp_day,photos_0_creation_timestamp_weekday,photos_0_creation_timestamp_hour,reactions_0_timestamp_year,reactions_0_timestamp_month,reactions_0_timestamp_day,reactions_0_timestamp_weekday,reactions_0_timestamp_hour
kumaresh.89,1970-01-01 00:28:00.166841033+00:00,Call Pannu da enaku,False,False,,,,,,,,,,4535cb6c8c9a67c4e1b55d2856054cc4,1970,1,1,3,0,,,,,,,,,,
kumaresh.89,1970-01-01 00:28:00.166837215+00:00,Dei DVD paiya,False,False,,,,,,,,,,1cbe94b494258b397db8f9d935ba49f1,1970,1,1,3,0,,,,,,,,,,
kumaresh.89,1970-01-01 00:27:59.887985439+00:00,6382298429,False,False,,,,,,,,,,11f50ba2c446d8bcfedc613d9a6332ee,1970,1,1,3,0,,,,,,,,,,
kumaresh.89,1970-01-01 00:27:59.840571895+00:00,Maghizchi,False,False,,,,,,,,,,f025f2830e38fa832cf77587b4e7b31c,1970,1,1,3,0,,,,,,,,,,
ððªð§ðª,1970-01-01 00:27:59.839169419+00:00,9894529598,False,False,,,,,,,,,,4065a88fbd1c0226d0c12246030d3a44,1970,1,1,3,0,,,,,,,,,,
ððªð§ðª,1970-01-01 00:27:59.839161973+00:00,Hi,False,False,,,,,,,,,,07a81ae18b0f1175284416273253bdd1,1970,1,1,3,0,,,,,,,,,,
kumaresh.89,1970-01-01 00:27:42.783358075+00:00,à®à®à¯à®à®³à¯  à®®à¯à®à¯à®à¯à®à¯à®à¯ ð à®à®© à®à®£à®°à¯à®à¯à®à®¿à®¯à¯ à®µà¯à®³à®¿à®ªà¯à®ªà®à¯à®¤à¯à®¤à®¿à®©à®¾à®°à¯,False,False,,,,,,,,,,fee5d86feb97cc7352b137a0c39ad1fe,1970,1,1,3,0,,,,,,,,,,
ððªð§ðª,1970-01-01 00:27:42.782169702+00:00,,False,False,your_instagram_activity/messages/inbox/kumaresh89_17933582096499383/photos/305843257_677546116940896_6389714188379321657_n_600124871580096.jpg,1970-01-01 00:00:01.662782169+00:00,,,,,,,,9aa4d27dbd7721bef02fb1bc50178769,1970,1,1,3,0,1970.0,1.0,1.0,3.0,0.0,,,,,
ððªð§ðª,1970-01-01 00:27:42.782166315+00:00,,False,False,your_instagram_activity/messages/inbox/kumaresh89_17933582096499383/photos/306427012_567969628362845_7558811031498686983_n_1061286461418377.jpg,1970-01-01 00:00:01.662782165+00:00,ð,kumaresh.89,1970-01-01 00:00:01.662783358+00:00,,,,,6ad88c75c2c1d70c95454548f93ae7e1,1970,1,1,3,0,1970.0,1.0,1.0,3.0,0.0,1970.0,1.0,1.0,3.0,0.0
ððªð§ðª,1970-01-01 00:27:42.476132199+00:00,You sent an attachment.,False,False,,,,,,https://www.instagram.com/reel/Chzp5vlBdHM/?id=2914857671842976204_50670615282,,memes.of.mcas,,aa07b86a7ac2bad2c79fa3940cd2fcac,1970,1,1,3,0,,,,,,,,,,
ððªð§ðª,1970-01-01 00:27:42.047204928+00:00,You sent an attachment.,False,False,,,,,,,,,,356fe0b46dcf279aadee0d353d538fb8,1970,1,1,3,0,,,,,,,,,,
kumaresh.89,1970-01-01 00:27:41.002700507+00:00,à®à®à¯à®à®³à¯  à®®à¯à®à¯à®à¯à®à¯à®à¯ ð à®à®© à®à®£à®°à¯à®à¯à®à®¿à®¯à¯ à®µà¯à®³à®¿à®ªà¯à®ªà®à¯à®¤à¯à®¤à®¿à®©à®¾à®°à¯,False,False,,,,,,,,,,983aac83b95df5df295c9953509fc361,1970,1,1,3,0,,,,,,,,,,
ððªð§ðª,1970-01-01 00:27:41.002191277+00:00,You sent an attachment.,False,False,,,ð,kumaresh.89,1970-01-01 00:00:01.661002700+00:00,https://www.instagram.com/reel/ChM-DMIp3sq/?id=2903968757819341610_32882021220,,veera_baahu_memes,,13016f5031d63c87edc99476057d4e98,1970,1,1,3,0,,,,,,1970.0,1.0,1.0,3.0,0.0
kumaresh.89,1970-01-01 00:27:40.803604433+00:00,kumaresh.89 sent an attachment.,False,False,,,â¤ï¸,ððªð§ðª,1970-01-01 00:00:01.660904873+00:00,https://www.instagram.com/reel/ChMcg0IOBpl/?id=2903821260045163109_54210922638,,heysinamika65,,90a8c316fad8bd7d3f571f35f94f78a4,1970,1,1,3,0,,,,,,1970.0,1.0,1.0,3.0,0.0
kumaresh.89,1970-01-01 00:27:40.632990912+00:00,à®à®à®¿à®¯à¯ à®à®´à¯à®ªà¯à®ªà¯ à®®à¯à®à®¿à®¨à¯à®¤à®¤à¯,False,False,,,,,,,,,85.0,900d63fb90c0d8e8307a5c02297ca66a,1970,1,1,3,0,,,,,,,,,,
kumaresh.89,1970-01-01 00:27:40.632902175+00:00,kumaresh.89 à®à®à®¿à®¯à¯ à®à®´à¯à®ªà¯à®ªà¯à®¤à¯ à®¤à¯à®à®à¯à®à®¿à®¯à¯à®³à¯à®³à®¾à®°à¯,False,False,,,,,,,,,,58e8f5b9de55290ed66d879d3f38df3e,1970,1,1,3,0,,,,,,,,,,
kumaresh.89,1970-01-01 00:27:40.632896931+00:00,à®à®à®¿à®¯à¯ à®à®´à¯à®ªà¯à®ªà¯à®¤à¯ à®¤à®µà®±à®µà®¿à®à¯à®à¯à®³à¯à®³à¯à®°à¯à®à®³à¯,False,False,,,,,,,,,0.0,a5890c362b419ba609f9679330ba980f,1970,1,1,3,0,,,,,,,,,,
kumaresh.89,1970-01-01 00:27:40.632889515+00:00,kumaresh.89 à®à®à®¿à®¯à¯ à®à®´à¯à®ªà¯à®ªà¯à®¤à¯ à®¤à¯à®à®à¯à®à®¿à®¯à¯à®³à¯à®³à®¾à®°à¯,False,False,,,,,,,,,,bc1d0d283c1f2c0390bcbdae61bc116c,1970,1,1,3,0,,,,,,,,,,
ððªð§ðª,1970-01-01 00:27:40.632877351+00:00,à®à®à®¿à®¯à¯ à®à®´à¯à®ªà¯à®ªà¯ à®®à¯à®à®¿à®¨à¯à®¤à®¤à¯,False,False,,,,,,,,,0.0,7ec6abee9d4b59484402c64f6bea5080,1970,1,1,3,0,,,,,,,,,,
ððªð§ðª,1970-01-01 00:27:40.632861979+00:00,à®à®à®¿à®¯à¯ à®à®´à¯à®ªà¯à®ªà¯à®¤à¯ à®¤à¯à®à®à¯à®à®¿à®¯à¯à®³à¯à®³à¯à®°à¯à®à®³à¯,False,False,,,,,,,,,,78ac70cf0776249df39ef2538e74eb0e,1970,1,1,3,0,,,,,,,,,,
kumaresh.89,1970-01-01 00:27:40.632829122+00:00,Dei ne yaar kita pesura,False,False,,,,,,,,,,9fe1d8155d295404c47e2b0ef9b17c27,1970,1,1,3,0,,,,,,,,,,
ððªð§ðª,1970-01-01 00:27:40.632774496+00:00,Pannuda,False,False,,,,,,,,,,15a5722fe7058ec0bd454471b9b4cd19,1970,1,1,3,0,,,,,,,,,,
ððªð§ðª,1970-01-01 00:27:40.632766373+00:00,Attend,False,False,,,,,,,,,,e8571a01700aaa1612823ea7424869a1,1970,1,1,3,0,,,,,,,,,,
kumaresh.89,1970-01-01 00:27:40.632511053+00:00,Call pannuda,False,False,,,,,,,,,,43dd34ee4a803b71fcf0b246675c8e14,1970,1,1,3,0,,,,,,,,,,
kumaresh.89,1970-01-01 00:27:40.632508160+00:00,Dei,False,False,,,,,,,,,,551855b5bdb3a082b8ff34f301c06e5e,1970,1,1,3,0,,,,,,,,,,
kumaresh.89,1970-01-01 00:27:40.466998633+00:00,Mm,False,False,,,,,,,,,,36f5c731b78481128fff8fda7e0f1529,1970,1,1,3,0,,,,,,,,,,
ððªð§ðª,1970-01-01 00:27:40.466946330+00:00,Thorama solringa,False,False,,,,,,,,,,c98574756e986d6df6e1beca8f3ecd66,1970,1,1,3,0,,,,,,,,,,
ððªð§ðª,1970-01-01 00:27:40.466931763+00:00,Budget idikithu,False,False,,,,,,,,,,1f5e37c34e1d45e0c5563ff68ae7e226,1970,1,1,3,0,,,,,,,,,,
kumaresh.89,1970-01-01 00:27:40.466915210+00:00,Potalum??,False,False,,,,,,,,,,9579042f793dc9e7277d25a1fc0d66c4,1970,1,1,3,0,,,,,,,,,,
ððªð§ðª,1970-01-01 00:27:40.466871077+00:00,Trip potalum,False,False,,,,,,,,,,ce62af93e333a98ecff4954a4c36905d,1970,1,1,3,0,,,,,,,,,,
ððªð§ðª,1970-01-01 00:27:40.466864186+00:00,Macha bore aadikuthu daa,False,False,,,,,,,,,,fef6a0378b6f1620c731d7391c10ac59,1970,1,1,3,0,,,,,,,,,,
ððªð§ðª,1970-01-01 00:27:40.466846035+00:00,ðvarata..,False,False,,,,,,,,,,2a1b3f9fbcf97b18c12628f5c9b149a3,1970,1,1,3,0,,,,,,,,,,
kumaresh.89,1970-01-01 00:27:40.466838339+00:00,Nenachen da,False,False,,,,,,,,,,aef12703d1e7e642445bc070645987e1,1970,1,1,3,0,,,,,,,,,,
ððªð§ðª,1970-01-01 00:27:40.466820032+00:00,Aprm,False,False,,,,,,,,,,b3e668e37b9b430da6eacee6c11e4def,1970,1,1,3,0,,,,,,,,,,
ððªð§ðª,1970-01-01 00:27:40.466815626+00:00,Sari vidu pakalam,False,False,,,,,,,,,,5d1863a5c103734b0155e87bcfc22261,1970,1,1,3,0,,,,,,,,,,
kumaresh.89,1970-01-01 00:27:40.466810849+00:00,ð,False,False,,,,,,,,,,fe08ccc5e2c9a285a8e9f32e0ef4a6c8,1970,1,1,3,0,,,,,,,,,,
ððªð§ðª,1970-01-01 00:27:40.466799285+00:00,Athutha terila,False,False,,,,,,,,,,1af32918ace6d39ec97ec3fe7803d241,1970,1,1,3,0,,,,,,,,,,
kumaresh.89,1970-01-01 00:27:40.466765867+00:00,Enga polam first atha solu,False,False,,,,,,,,,,bf28d2efb1d535a8d8f6798b24800ef5,1970,1,1,3,0,,,,,,,,,,
ððªð§ðª,1970-01-01 00:27:40.466754702+00:00,Nee sollu,False,False,,,,,,,,,,f2e8df8c00a060b9b22a4d0fcd1e2643,1970,1,1,3,0,,,,,,,,,,
ððªð§ðª,1970-01-01 00:27:40.466748546+00:00,EnnA soldra,False,False,,,,,,,,,,fc5b8477724595584253756b55513bc8,1970,1,1,3,0,,,,,,,,,,
kumaresh.89,1970-01-01 00:27:40.466746897+00:00,Enga polam,False,False,,,,,,,,,,9661c535e561ff8b83a460426585b464,1970,1,1,3,0,,,,,,,,,,
ððªð§ðª,1970-01-01 00:27:40.466725262+00:00,Computer class cut pannidu,False,False,,,,,,,,,,5eb2f18d2f9de8aecf4969b294275496,1970,1,1,3,0,,,,,,,,,,
kumaresh.89,1970-01-01 00:27:40.466703171+00:00,Angaua,False,False,,,,,,,,,,26fc5747f864206a0d080a25576fb14b,1970,1,1,3,0,,,,,,,,,,
kumaresh.89,1970-01-01 00:27:40.466702587+00:00,Enga,False,False,,,,,,,,,,1e5241f0dd881f1c7287c848a07ee0fe,1970,1,1,3,0,,,,,,,,,,
ððªð§ðª,1970-01-01 00:27:40.466682091+00:00,4 o clock,False,False,,,,,,,,,,87d14e4e2c9b6e8a7d2ecfd67c42f48b,1970,1,1,3,0,,,,,,,,,,
ððªð§ðª,1970-01-01 00:27:40.466666568+00:00,Inniki varata,False,False,,,,,,,,,,f7d503d4a2a636184ba5a6af0f9be0cf,1970,1,1,3,0,,,,,,,,,,
ððªð§ðª,1970-01-01 00:27:40.466654404+00:00,Bore aadikuthu,False,False,,,,,,,,,,c66186001231c423880168631f63afd8,1970,1,1,3,0,,,,,,,,,,
ððªð§ðª,1970-01-01 00:27:40.466645024+00:00,Vetti thaað,False,False,,,,,,,,,,0500221ef020062728a1a368b6c1fb1b,1970,1,1,3,0,,,,,,,,,,
kumaresh.89,1970-01-01 00:27:40.466618789+00:00,??,False,False,,,,,,,,,,5cdf514ae08e070547aa1f6ce232711f,1970,1,1,3,0,,,,,,,,,,
kumaresh.89,1970-01-01 00:27:40.466601688+00:00,5.30,False,False,,,â¤ï¸,ððªð§ðª,1970-01-01 00:00:01.660466608+00:00,,,,,aae60f840565ff13f7ed47349e46af8e,1970,1,1,3,0,,,,,,1970.0,1.0,1.0,3.0,0.0
ððªð§ðª,1970-01-01 00:27:40.466588332+00:00,ð¶âð«ï¸ inniki eppa mudiyum,False,False,,,,,,,,,,179dcffb33fe012e18db9f85c4c79205,1970,1,1,3,0,,,,,,,,,,
kumaresh.89,1970-01-01 00:27:40.466574163+00:00,Ne enna pandra dailyum,False,False,,,,,,,,,,27204f35608e337c965d830f4d0962bf,1970,1,1,3,0,,,,,,,,,,
kumaresh.89,1970-01-01 00:27:40.466558438+00:00,Paakla,False,False,,,,,,,,,,2b58631227b4e2077ae6acdf53954717,1970,1,1,3,0,,,,,,,,,,
kumaresh.89,1970-01-01 00:27:40.466556319+00:00,Clg start pandrathukulla mudichiduven nu sonna,False,False,,,,,,,,,,f1b57d4b8ebe13de87f1944d6196e789,1970,1,1,3,0,,,,,,,,,,
kumaresh.89,1970-01-01 00:27:40.466546409+00:00,Terla pa,False,False,,,,,,,,,,facac570351bf82c04defe4fa1cb374d,1970,1,1,3,0,,,,,,,,,,
ððªð§ðª,1970-01-01 00:27:40.466540687+00:00,Ending,False,False,,,,,,,,,,0d704441d9e383fe8c06c59aa61c0506,1970,1,1,3,0,,,,,,,,,,
kumaresh.89,1970-01-01 00:27:40.466533617+00:00,2.30,False,False,,,,,,,,,,5f6dc371d3958361238d8c48e220f6d5,1970,1,1,3,0,,,,,,,,,,
kumaresh.89,1970-01-01 00:27:40.466529891+00:00,Ponum,False,False,,,,,,,,,,167906996b0b43ce39e3bd7bafdee569,1970,1,1,3,0,,,,,,,,,,
ððªð§ðª,1970-01-01 00:27:40.466524888+00:00,Eppa computer class,False,False,,,,,,,,,,20bfe879f34d92b272900d58f1d8d5a6,1970,1,1,3,0,,,,,,,,,,
kumaresh.89,1970-01-01 00:27:40.466519449+00:00,Salipa iruku da,False,False,,,â¤ï¸,ððªð§ðª,1970-01-01 00:00:01.660466523+00:00,,,,,424bb195211f7297cd94815af61d4413,1970,1,1,3,0,,,,,,1970.0,1.0,1.0,3.0,0.0
ððªð§ðª,1970-01-01 00:27:40.466495893+00:00,Aprm life eppudi pothu,False,False,,,,,,,,,,06934a0eac9bd3f19199f74310f1271f,1970,1,1,3,0,,,,,,,,,,
ððªð§ðª,1970-01-01 00:27:40.466486347+00:00,Ila summa ketan,False,False,,,,,,,,,,2253f4791102cf5d6d8946447edf44c2,1970,1,1,3,0,,,,,,,,,,
kumaresh.89,1970-01-01 00:27:40.466474071+00:00,Aprom enna da,False,False,,,,,,,,,,ad3484593827b00912865667c1f891ba,1970,1,1,3,0,,,,,,,,,,
ððªð§ðª,1970-01-01 00:27:40.466468723+00:00,Ila,False,False,,,,,,,,,,250fd9fe3ec5dfdc99984ed979ec65ef,1970,1,1,3,0,,,,,,,,,,
kumaresh.89,1970-01-01 00:27:40.466463028+00:00,Open acha ilaya,False,False,,,,,,,,,,2394fcb81eac546c9d4dfb79e54b1ad9,1970,1,1,3,0,,,,,,,,,,
ððªð§ðª,1970-01-01 00:27:40.466455833+00:00,EnnA aachi,False,False,,,,,,,,,,beaa4bda8436e19bd459f7fce40383ee,1970,1,1,3,0,,,,,,,,,,
ððªð§ðª,1970-01-01 00:27:40.466450011+00:00,Veterinary,False,False,,,,,,,,,,6c25b15a79cd4634ade2dbe1ce39ce67,1970,1,1,3,0,,,,,,,,,,
kumaresh.89,1970-01-01 00:27:40.466447303+00:00,Solu,False,False,,,,,,,,,,fe508357047a05eed834e2254330d729,1970,1,1,3,0,,,,,,,,,,
kumaresh.89,1970-01-01 00:27:40.466441973+00:00,Ennada,False,False,,,,,,,,,,0aa63db0e478cffe11d59f8ef5b5cd34,1970,1,1,3,0,,,,,,,,,,
ððªð§ðª,1970-01-01 00:27:40.466428764+00:00,EnnA thals,False,False,,,,,,,,,,ff6177bec31209f5294c61327e706976,1970,1,1,3,0,,,,,,,,,,
ððªð§ðª,1970-01-01 00:27:40.280960258+00:00,ð¤£ð,False,False,,,,,,,,,,5dc9975161191d8e49f349d1f2b5a2ab,1970,1,1,3,0,,,,,,,,,,
kumaresh.89,1970-01-01 00:27:40.279743080+00:00,,False,False,,,,,,,,,,3948be02e17c288ffd48d0b80f4b6200,1970,1,1,3,0,,,,,,,,,,
ððªð§ðª,1970-01-01 00:27:40.276267884+00:00,,False,False,,,,,,,,,,eec054c5ec272c7ae9b27cc3f5d42a44,1970,1,1,3,0,,,,,,,,,,
ððªð§ðª,1970-01-01 00:27:40.225418154+00:00,,False,False,,,,,,https://www.instagram.com/p/ChGcaw9v6Uh/,,vadivelumemes,,2e4de76e04369e24ab5adac5b171d2ad,1970,1,1,3,0,,,,,,,,,,
ððªð§ðª,1970-01-01 00:27:38.927662698+00:00,,False,False,,,,,,,,,,2106eb0b8a9dca4b27bdf37e8cd8af0f,1970,1,1,3,0,,,,,,,,,,
kumaresh.89,1970-01-01 00:27:38.803424242+00:00,,False,False,,,â¤ï¸,ððªð§ðª,1970-01-01 00:00:01.658803464+00:00,,,,,b1269dfb2c0baa15ecdcff910c22fff7,1970,1,1,3,0,,,,,,1970.0,1.0,1.0,3.0,0.0
kumaresh.89,1970-01-01 00:27:38.762710987+00:00,,False,False,,,â¤ï¸,ððªð§ðª,1970-01-01 00:00:01.658762753+00:00,,,,,b32fbba60344cef3e8635b5a9d18be30,1970,1,1,3,0,,,,,,1970.0,1.0,1.0,3.0,0.0
kumaresh.89,1970-01-01 00:27:38.756468128+00:00,,False,False,,,â¤ï¸,ððªð§ðª,1970-01-01 00:00:01.658762540+00:00,,,,,92a86ba94f423d59e48fa425c88eb700,1970,1,1,3,0,,,,,,1970.0,1.0,1.0,3.0,0.0
kumaresh.89,1970-01-01 00:27:38.677969202+00:00,,False,False,,,â¤ï¸,ððªð§ðª,1970-01-01 00:00:01.658715541+00:00,,,,,598dbe46e7aa0b22c6e999c7ee7e2c38,1970,1,1,3,0,,,,,,1970.0,1.0,1.0,3.0,0.0
kumaresh.89,1970-01-01 00:27:38.667556604+00:00,à®à®à¯à®à®³à¯  à®®à¯à®à¯à®à¯à®à¯à®à¯ â¤ï¸ à®à®© à®à®£à®°à¯à®à¯à®à®¿à®¯à¯ à®µà¯à®³à®¿à®ªà¯à®ªà®à¯à®¤à¯à®¤à®¿à®©à®¾à®°à¯,False,False,,,,,,,,,,1c472bd4f61becc0fe0838036226ccef,1970,1,1,3,0,,,,,,,,,,
ððªð§ðª,1970-01-01 00:27:38.667537673+00:00,7th laa nenaikiran,False,False,,,â¤ï¸,kumaresh.89,1970-01-01 00:00:01.658667556+00:00,,,,,d1bbf548a5c958a4cc81c8d26ffa7e42,1970,1,1,3,0,,,,,,1970.0,1.0,1.0,3.0,0.0
kumaresh.89,1970-01-01 00:27:38.667513033+00:00,Arumai,False,False,,,,,,,,,,d17320d4887c220911a2106449ac63d9,1970,1,1,3,0,,,,,,,,,,
ððªð§ðª,1970-01-01 00:27:38.667502758+00:00,Poi irukan aaana athu pannathu illa,False,False,,,,,,,,,,adc549c95fae7f1c2a22b92d4d11c046,1970,1,1,3,0,,,,,,,,,,
kumaresh.89,1970-01-01 00:27:38.667472350+00:00,Ne first poi irukiya,False,False,,,,,,,,,,8e48f0e7e6a496331179fae93aa2b7dd,1970,1,1,3,0,,,,,,,,,,
ððªð§ðª,1970-01-01 00:27:38.666363437+00:00,,False,False,,,,,,https://www.instagram.com/p/CgZS-ynPuV9/,,trollsingles,,9c5f035c9548f8c8fa04251aac07a8be,1970,1,1,3,0,,,,,,,,,,
kumaresh.89,1970-01-01 00:27:38.663159342+00:00,à®à®à¯à®à®³à¯  à®®à¯à®à¯à®à¯à®à¯à®à¯ â¤ï¸ à®à®© à®à®£à®°à¯à®à¯à®à®¿à®¯à¯ à®µà¯à®³à®¿à®ªà¯à®ªà®à¯à®¤à¯à®¤à®¿à®©à®¾à®°à¯,False,False,,,,,,,,,,b3f0e2a0ac7b3bfd1a9cdd828345e3fc,1970,1,1,3,0,,,,,,,,,,
ððªð§ðª,1970-01-01 00:27:38.662340178+00:00,,False,False,,,â¤ï¸,kumaresh.89,1970-01-01 00:00:01.658663159+00:00,https://www.instagram.com/p/CgY6q8GPaDt/?carousel_share_child_media_id=2889317198403051757_48840775723,,iragai_pol,,f280e37fa473f5739d01a864b383146d,1970,1,1,3,0,,,,,,1970.0,1.0,1.0,3.0,0.0
kumaresh.89,1970-01-01 00:27:38.594076497+00:00,à®à®à¯à®à®³à¯  à®®à¯à®à¯à®à¯à®à¯à®à¯ â¤ï¸ à®à®© à®à®£à®°à¯à®à¯à®à®¿à®¯à¯ à®µà¯à®³à®¿à®ªà¯à®ªà®à¯à®¤à¯à®¤à®¿à®©à®¾à®°à¯,False,False,,,,,,,,,,89cf2461657e524fc76d2aee60791f26,1970,1,1,3,0,,,,,,,,,,
ððªð§ðª,1970-01-01 00:27:38.589005532+00:00,,False,False,,,â¤ï¸,kumaresh.89,1970-01-01 00:00:01.658594076+00:00,https://www.instagram.com/p/CgW3g3Lvb2G/?carousel_share_child_media_id=2888740361838902662_50333850172,,puttipaul,,cba2fbd076ed752b74e74d7e9f0f98e6,1970,1,1,3,0,,,,,,1970.0,1.0,1.0,3.0,0.0
kumaresh.89,1970-01-01 00:27:38.565964967+00:00,Poda dei,False,False,,,,,,,,,,ca1257cdaa107f3fb3543e3a5f80f8b4,1970,1,1,3,0,,,,,,,,,,
ððªð§ðª,1970-01-01 00:27:38.565948814+00:00,Veena vidu,False,False,,,,,,,,,,9b7c210af3730450d79b3810899ae4bb,1970,1,1,3,0,,,,,,,,,,
kumaresh.89,1970-01-01 00:27:38.565929335+00:00,Kelu da,False,False,,,,,,,,,,746bf5c1f2258ae8415144110cfddc3f,1970,1,1,3,0,,,,,,,,,,
kumaresh.89,1970-01-01 00:27:38.565926888+00:00,Enda ena savadi kira,False,False,,,,,,,,,,b6ac819cf11f4736c92a134beeda7764,1970,1,1,3,0,,,,,,,,,,
ððªð§ðª,1970-01-01 00:27:38.565913628+00:00,Sari veena vidu,False,False,,,,,,,,,,94f995930d8c12a4f443e2fc6dcdb06a,1970,1,1,3,0,,,,,,,,,,
kumaresh.89,1970-01-01 00:27:38.565903995+00:00,Atha enna keka pora,False,False,,,,,,,,,,162c54b5bf42369b3d94cc35d55353a9,1970,1,1,3,0,,,,,,,,,,
ððªð§ðª,1970-01-01 00:27:38.565897922+00:00,Kekuran,False,False,,,,,,,,,,dfb27c38a1ff65e52dc90fe9e9bf1c13,1970,1,1,3,0,,,,,,,,,,
ððªð§ðª,1970-01-01 00:27:38.565893146+00:00,Pesavanu,False,False,,,,,,,,,,7d64b9c9c43efd623ae6f8f892259907,1970,1,1,3,0,,,,,,,,,,
kumaresh.89,1970-01-01 00:27:38.565890730+00:00,Enna keka pora,False,False,,,,,,,,,,d8ffe97ebf63c03ad2e1e93d00fe9f44,1970,1,1,3,0,,,,,,,,,,
ððªð§ðª,1970-01-01 00:27:38.565887803+00:00,Innum pesala,False,False,,,,,,,,,,1008857ab386269d0d4496bbce44dfa4,1970,1,1,3,0,,,,,,,,,,
kumaresh.89,1970-01-01 00:27:38.565872931+00:00,Solu da,False,False,,,,,,,,,,bc91b335b5f7fd45160266340288a0a9,1970,1,1,3,0,,,,,,,,,,
kumaresh.89,1970-01-01 00:27:38.565870815+00:00,Dei,False,False,,,,,,,,,,91258d0f171b23ce022908ed60f78dba,1970,1,1,3,0,,,,,,,,,,
kumaresh.89,1970-01-01 00:27:38.564123847+00:00,Solu da,False,False,,,,,,,,,,6b90ad650a1e38d4b28ebb65513e44b9,1970,1,1,3,0,,,,,,,,,,
kumaresh.89,1970-01-01 00:27:38.563409330+00:00,Dei,False,False,,,,,,,,,,4fa0b1ef5139b15a4c8dc204363ab4e2,1970,1,1,3,0,,,,,,,,,,
kumaresh.89,1970-01-01 00:27:38.563231521+00:00,Enna sona,False,False,,,,,,,,,,3a1c64b666dd655fe2d19a14887a5c5e,1970,1,1,3,0,,,,,,,,,,
ððªð§ðª,1970-01-01 00:27:38.562920403+00:00,Naa mitra kiita voona Pathi keekata,False,False,,,,,,,,,,72d957b8610038e08dc2071e04d64788,1970,1,1,3,0,,,,,,,,,,
ððªð§ðª,1970-01-01 00:27:38.562868388+00:00,Yarru yarru,False,False,,,,,,,,,,761e6290a0ee9d0db174ed4c42f79c94,1970,1,1,3,0,,,,,,,,,,
kumaresh.89,1970-01-01 00:27:38.562504884+00:00,2 than,False,False,,,,,,,,,,0968cffc20ff537cf83c152c5260d15b,1970,1,1,3,0,,,,,,,,,,
ððªð§ðª,1970-01-01 00:27:38.561535818+00:00,,False,False,,,,,,https://www.instagram.com/p/CgV-hlpPn6a/,,trollsingles,,8f242c19c8a77d77a8c8f314d612ef13,1970,1,1,3,0,,,,,,,,,,
ððªð§ðª,1970-01-01 00:27:38.505277366+00:00,M,False,False,,,,,,,,,,841400c055d0355765a78ec6b042f61d,1970,1,1,3,0,,,,,,,,,,
kumaresh.89,1970-01-01 00:27:38.504118655+00:00,Ena,False,False,,,,,,,,,,b6d9df0c2415318e7c5bd50c8771ffca,1970,1,1,3,0,,,,,,,,,,
kumaresh.89,1970-01-01 00:27:38.504118260+00:00,Vetti thanda,False,False,,,,,,,,,,f2811976c7a41172d3d8396ff2f33244,1970,1,1,3,0,,,,,,,,,,
ððªð§ðª,1970-01-01 00:27:38.502048734+00:00,Entha ponnu kuuda pesura,False,False,,,,,,,,,,0c4d3b35615b720d608b80c4a489b5b2,1970,1,1,3,0,,,,,,,,,,
ððªð§ðª,1970-01-01 00:27:38.502026768+00:00,Thala enna pannu ra,False,False,,,,,,,,,,3fe1fccc91269f8fada6dd4b5335929f,1970,1,1,3,0,,,,,,,,,,
kumaresh.89,1970-01-01 00:27:38.497769315+00:00,à®à®à¯à®à®³à¯  à®®à¯à®à¯à®à¯à®à¯à®à¯ â¤ï¸ à®à®© à®à®£à®°à¯à®à¯à®à®¿à®¯à¯ à®µà¯à®³à®¿à®ªà¯à®ªà®à¯à®¤à¯à®¤à®¿à®©à®¾à®°à¯,False,False,,,,,,,,,,65dae734e42b91d51c5fcdccf5599d06,1970,1,1,3,0,,,,,,,,,,
ððªð§ðª,1970-01-01 00:27:38.497759419+00:00,Ama,False,False,,,,,,,,,,6ffcaa41b03fb9cce8c30263f74a6560,1970,1,1,3,0,,,,,,,,,,
ððªð§ðª,1970-01-01 00:27:38.497729544+00:00,,False,False,,,â¤ï¸,kumaresh.89,1970-01-01 00:00:01.658497769+00:00,,,,,2658d5f8b92893c1202c9a51df0f0136,1970,1,1,3,0,,,,,,1970.0,1.0,1.0,3.0,0.0
kumaresh.89,1970-01-01 00:27:38.497720907+00:00,Seriya,False,False,,,,,,,,,,336fc7eae6d08a9ea9bd9af0d71e4df9,1970,1,1,3,0,,,,,,,,,,
kumaresh.89,1970-01-01 00:27:38.497717799+00:00,Unnaku instagram scroll panna tha tum series irukey,False,False,,,,,,,,,,35faa0fa9710470480cc1a556e6fdce1,1970,1,1,3,0,,,,,,,,,,
ððªð§ðª,1970-01-01 00:27:38.497666288+00:00,Tym illa tha alavooku namaa enna avoolo busy,False,False,,,,,,,,,,9936f532c3622b70506b6aac4ad3957c,1970,1,1,3,0,,,,,,,,,,
kumaresh.89,1970-01-01 00:27:38.497625611+00:00,Tym*,False,False,,,,,,,,,,621a786009de5d2030c1f8e4930affd1,1970,1,1,3,0,,,,,,,,,,
kumaresh.89,1970-01-01 00:27:38.497619933+00:00,Tum iruntha paaru,False,False,,,,,,,,,,0590f887b2ad9d5a9450209cbecb4f77,1970,1,1,3,0,,,,,,,,,,
ððªð§ðª,1970-01-01 00:27:38.497562854+00:00,Pakanum,False,False,,,,,,,,,,be7fac714c1fbbc9e9f87ed693fcfe06,1970,1,1,3,0,,,,,,,,,,
ððªð§ðª,1970-01-01 00:27:38.497552810+00:00,Ila,False,False,,,,,,,,,,efe57c36b162e68070c05183a1ec48c7,1970,1,1,3,0,,,,,,,,,,
kumaresh.89,1970-01-01 00:27:38.497548077+00:00,Moondram pirai,False,False,,,,,,,,,,e21fe0393bfe37ede07d1968d18dd0cc,1970,1,1,3,0,,,,,,,,,,
kumaresh.89,1970-01-01 00:27:38.497538666+00:00,PAathu iruka,False,False,,,,,,,,,,5e4ea855740f62700fa1d26f3cb4322a,1970,1,1,3,0,,,,,,,,,,
ððªð§ðª,1970-01-01 00:27:38.497520630+00:00,ð¥,False,False,,,,,,,,,,cad68d544c1242d59b0935390276eb12,1970,1,1,3,0,,,,,,,,,,
kumaresh.89,1970-01-01 00:27:38.497336299+00:00,,False,False,,,,,,,,,,e960f5729e15d6023a51169e464402ea,1970,1,1,3,0,,,,,,,,,,
kumaresh.89,1970-01-01 00:27:38.486044380+00:00,à®à®à¯à®à®³à¯  à®®à¯à®à¯à®à¯à®à¯à®à¯ ð à®à®© à®à®£à®°à¯à®à¯à®à®¿à®¯à¯ à®µà¯à®³à®¿à®ªà¯à®ªà®à¯à®¤à¯à®¤à®¿à®©à®¾à®°à¯,False,False,,,,,,,,,,e4ad660727ff4caabaa482423d4c380b,1970,1,1,3,0,,,,,,,,,,
ððªð§ðª,1970-01-01 00:27:38.484140857+00:00,Neeya,False,False,,,ð,kumaresh.89,1970-01-01 00:00:01.658486044+00:00,,,,,45484097408eaf9be2b523365022b22d,1970,1,1,3,0,,,,,,1970.0,1.0,1.0,3.0,0.0
kumaresh.89,1970-01-01 00:27:38.482295002+00:00,,False,False,,,,,,https://www.instagram.com/p/CgHmheLPMaz/,,localponnungada,,e088272c0eab8de882ca53719c10e571,1970,1,1,3,0,,,,,,,,,,
kumaresh.89,1970-01-01 00:27:38.480179541+00:00,,False,False,,,â¤ï¸,ððªð§ðª,1970-01-01 00:00:01.658480210+00:00,https://www.instagram.com/p/CgE_pSWPhSH/,,pesal_meme_onnu_irukku,,5ea76b1935f38b21b6bfd64cb49f5af1,1970,1,1,3,0,,,,,,1970.0,1.0,1.0,3.0,0.0
kumaresh.89,1970-01-01 00:27:38.457317585+00:00,,False,False,,,â¤ï¸,ððªð§ðª,1970-01-01 00:00:01.658457360+00:00,,,,,463fca869098cf43a815af48afc74d47,1970,1,1,3,0,,,,,,1970.0,1.0,1.0,3.0,0.0
kumaresh.89,1970-01-01 00:27:38.457277151+00:00,à®à®à¯à®à®³à¯  à®®à¯à®à¯à®à¯à®à¯à®à¯ â¤ï¸ à®à®© à®à®£à®°à¯à®à¯à®à®¿à®¯à¯ à®µà¯à®³à®¿à®ªà¯à®ªà®à¯à®¤à¯à®¤à®¿à®©à®¾à®°à¯,False,False,,,,,,,,,,8db882161f6ac8b4344d8df91f3f68b0,1970,1,1,3,0,,,,,,,,,,
ððªð§ðª,1970-01-01 00:27:38.456531078+00:00,,False,False,,,â¤ï¸,kumaresh.89,1970-01-01 00:00:01.658457277+00:00,,,,,5069852e8e2f00280b4e63bdfff3ddd4,1970,1,1,3,0,,,,,,1970.0,1.0,1.0,3.0,0.0
ððªð§ðª,1970-01-01 00:27:38.382154326+00:00,Ila edit nalla iruthuchiii,False,False,,,,,,,,,,fd99c89368abf82f16a1265269094f92,1970,1,1,3,0,,,,,,,,,,
kumaresh.89,1970-01-01 00:27:38.382130302+00:00,Bodhaiya,False,False,,,,,,,,,,cd88aa27136f418885be685cf783b563,1970,1,1,3,0,,,,,,,,,,
ððªð§ðª,1970-01-01 00:27:38.382091717+00:00,Ama,False,False,,,,,,,,,,116cc1802837f3cb1d3303991c0ee67c,1970,1,1,3,0,,,,,,,,,,
ððªð§ðª,1970-01-01 00:27:38.382089755+00:00,Illa,False,False,,,,,,,,,,b3db4738293f3a07295c4d0d2dab8d1b,1970,1,1,3,0,,,,,,,,,,
kumaresh.89,1970-01-01 00:27:38.382072406+00:00,Enda unaku bit ah paatha en gyabagam than varuma,False,False,,,,,,,,,,87f0af48ccf5522664d91e114185de1b,1970,1,1,3,0,,,,,,,,,,
ððªð§ðª,1970-01-01 00:27:38.382059572+00:00,Illa,False,False,,,,,,,,,,f082bbcf5949e6364b130f1a8bc5220a,1970,1,1,3,0,,,,,,,,,,
kumaresh.89,1970-01-01 00:27:38.382052123+00:00,Un edit ah,False,False,,,,,,,,,,52b47541e2419ec88a436cc65b1d052f,1970,1,1,3,0,,,,,,,,,,
ððªð§ðª,1970-01-01 00:27:38.382042198+00:00,Edit uu,False,False,,,,,,,,,,9d4d61315517d2e8b0f9f806bfd33ddd,1970,1,1,3,0,,,,,,,,,,
ððªð§ðª,1970-01-01 00:27:38.381966144+00:00,,False,False,,,,,,,,,,9ac977b45abdd3b599d3fab39f5f800e,1970,1,1,3,0,,,,,,,,,,
ððªð§ðª,1970-01-01 00:27:38.310657688+00:00,Sari,False,False,,,,,,,,,,dd491d898d272cc5d00480c0c3868dc2,1970,1,1,3,0,,,,,,,,,,
ððªð§ðª,1970-01-01 00:27:38.310640038+00:00,Pooriyaaa,False,False,,,,,,,,,,01a3cd76a7d0d382b7edecac25b26d75,1970,1,1,3,0,,,,,,,,,,
kumaresh.89,1970-01-01 00:27:38.310639498+00:00,Poitu vanten,False,False,,,,,,,,,,7055ec3ad8076ef9fa6f7ce49bc1c0ed,1970,1,1,3,0,,,,,,,,,,
ððªð§ðª,1970-01-01 00:27:38.310633105+00:00,Computer class iruka,False,False,,,,,,,,,,aff114b10cbfe843cc8da775a05b8cb1,1970,1,1,3,0,,,,,,,,,,
ððªð§ðª,1970-01-01 00:27:38.310608384+00:00,Sari,False,False,,,,,,,,,,1fae87dc4de1b7cc1dd9fb8dccf7d1dc,1970,1,1,3,0,,,,,,,,,,
ððªð§ðª,1970-01-01 00:27:38.310595818+00:00,,False,False,,,,,,https://www.instagram.com/p/Cf6OjdWJ721/,,vip_creations06,,439251d6fdcefe1eb12c965de8f6a69f,1970,1,1,3,0,,,,,,,,,,
kumaresh.89,1970-01-01 00:27:38.310573997+00:00,Na soliten da,False,False,,,,,,,,,,0aa08b778a48ff9a4bfd41b8c6b1b213,1970,1,1,3,0,,,,,,,,,,
kumaresh.89,1970-01-01 00:27:38.310568706+00:00,Enna,False,False,,,,,,,,,,78a6a02250598da62808e2be04074bc1,1970,1,1,3,0,,,,,,,,,,
ððªð§ðª,1970-01-01 00:27:38.310506971+00:00,Dai,False,False,,,,,,,,,,5d3efadd593c946a2e1e97ec0197cb91,1970,1,1,3,0,,,,,,,,,,
kumaresh.89,1970-01-01 00:27:38.310491780+00:00,Ila da prom ila na summa nu solliten,False,False,,,,,,,,,,657b3f643b673287d63d0b966bcc0313,1970,1,1,3,0,,,,,,,,,,
ððªð§ðª,1970-01-01 00:27:38.310373447+00:00,Nee love panrannu sonnathuku,False,False,,,,,,,,,,34e11d7638fa02c21c1eb2b1e8abeb5e,1970,1,1,3,0,,,,,,,,,,
ððªð§ðª,1970-01-01 00:27:38.310357933+00:00,Mithra enna solluchi,False,False,,,,,,,,,,acd39afdf1f34b4249eecf20dedd0615,1970,1,1,3,0,,,,,,,,,,
ððªð§ðª,1970-01-01 00:27:38.310340169+00:00,Aprm,False,False,,,,,,,,,,830a33e82af0e54a60a0deb011fdcdae,1970,1,1,3,0,,,,,,,,,,
ððªð§ðª,1970-01-01 00:27:38.310231574+00:00,Ama,False,False,,,,,,,,,,e9560571b8420620ed0655f17acb8c59,1970,1,1,3,0,,,,,,,,,,
kumaresh.89,1970-01-01 00:27:38.310219032+00:00,Kannadi,False,False,,,,,,,,,,e985531ebee87266cc457482d99e57cd,1970,1,1,3,0,,,,,,,,,,
ððªð§ðª,1970-01-01 00:27:38.310217686+00:00,Ama,False,False,,,,,,,,,,a48a91debfbbbbbfbdcf94c2d2b403cd,1970,1,1,3,0,,,,,,,,,,
kumaresh.89,1970-01-01 00:27:38.310211923+00:00,Oh avala,False,False,,,,,,,,,,58b7fbe2fd906259c68aa53f400466f8,1970,1,1,3,0,,,,,,,,,,
ððªð§ðª,1970-01-01 00:27:38.310190757+00:00,Commerce nanum avalum pinkz josthu,False,False,,,,,,,,,,2030f86aceffd4f7d44c2bbdb80db0b2,1970,1,1,3,0,,,,,,,,,,
kumaresh.89,1970-01-01 00:27:38.310159966+00:00,à®à®à¯à®à®³à¯  à®®à¯à®à¯à®à¯à®à¯à®à¯ ð® à®à®© à®à®£à®°à¯à®à¯à®à®¿à®¯à¯ à®µà¯à®³à®¿à®ªà¯à®ªà®à¯à®¤à¯à®¤à®¿à®©à®¾à®°à¯,False,False,,,,,,,,,,6a6cb2e3b3fa709e8a9539c729e5f514,1970,1,1,3,0,,,,,,,,,,
kumaresh.89,1970-01-01 00:27:38.310157147+00:00,??,False,False,,,,,,,,,,d55ab11373d37bb6b0403764957af35a,1970,1,1,3,0,,,,,,,,,,
ððªð§ðª,1970-01-01 00:27:38.310150114+00:00,Teja yokesh aalu,False,False,,,ð®,kumaresh.89,1970-01-01 00:00:01.658310159+00:00,,,,,dd474796ff15bc4bedbfd9f37643245e,1970,1,1,3,0,,,,,,1970.0,1.0,1.0,3.0,0.0
ððªð§ðª,1970-01-01 00:27:38.310128980+00:00,Sweta,False,False,,,,,,,,,,e0e27fef7c2d47dd2fcaf4d036537d97,1970,1,1,3,0,,,,,,,,,,
ððªð§ðª,1970-01-01 00:27:38.310124838+00:00,Patta,False,False,,,,,,,,,,170aa7f711b5b32ff2f2ce9768ed2555,1970,1,1,3,0,,,,,,,,,,
ððªð§ðª,1970-01-01 00:27:38.310122992+00:00,Mithra,False,False,,,,,,,,,,74dfc4af218cd468bfb6a3c52ef75b30,1970,1,1,3,0,,,,,,,,,,
kumaresh.89,1970-01-01 00:27:38.310101657+00:00,Peauva,False,False,,,,,,,,,,68687e7806ad3f831b3d7ce545f03c04,1970,1,1,3,0,,,,,,,,,,
kumaresh.89,1970-01-01 00:27:38.310097840+00:00,Vera yaar kita la,False,False,,,,,,,,,,ec308f2dd77036f775d3648927a2e977,1970,1,1,3,0,,,,,,,,,,
ððªð§ðª,1970-01-01 00:27:38.310095797+00:00,Avolothaan,False,False,,,,,,,,,,a4455ff53a94a2bcc9045a9c1b4d4f5a,1970,1,1,3,0,,,,,,,,,,
ððªð§ðª,1970-01-01 00:27:38.310088525+00:00,Apidala illa summa peesuvan,False,False,,,,,,,,,,834519064dd37023e5c0d89ce51c52d4,1970,1,1,3,0,,,,,,,,,,
ððªð§ðª,1970-01-01 00:27:38.310073922+00:00,â¡mattram ondrae marathavai,False,False,,,,,,,,,,46d621b5b5432aacae469f5e074aa989,1970,1,1,3,0,,,,,,,,,,
kumaresh.89,1970-01-01 00:27:38.310049756+00:00,Ne pesuanu sona evanum namba maatan da,False,False,,,,,,,,,,6347bb6249d5c07515e8e22af0546a5c,1970,1,1,3,0,,,,,,,,,,
kumaresh.89,1970-01-01 00:27:38.310033224+00:00,Ponnunga kita la pesa maaten apdi nu la sona,False,False,,,,,,,,,,3b8b2a29fbd2a5b7b06756fd93f6be7b,1970,1,1,3,0,,,,,,,,,,
ððªð§ðª,1970-01-01 00:27:38.310005724+00:00,Epudi iruntha,False,False,,,,,,,,,,d58a5a38f1f82a49766b28555a6666cd,1970,1,1,3,0,,,,,,,,,,
kumaresh.89,1970-01-01 00:27:38.309992891+00:00,Inga ipdi aaita,False,False,,,,,,,,,,bb17006e00784a545b9fa352b174714d,1970,1,1,3,0,,,,,,,,,,
kumaresh.89,1970-01-01 00:27:38.309988691+00:00,Schoola epdi iruntha,False,False,,,,,,,,,,a20e793bf9dcc9e7b91ba28d07952863,1970,1,1,3,0,,,,,,,,,,
ððªð§ðª,1970-01-01 00:27:38.309974567+00:00,Enna,False,False,,,,,,,,,,01e6e95a32af033c4a6bd9eb5f1ea10a,1970,1,1,3,0,,,,,,,,,,
kumaresh.89,1970-01-01 00:27:38.309965810+00:00,Aaha,False,False,,,,,,,,,,74548f0336683dbfe27d6b2e7c5bfbdc,1970,1,1,3,0,,,,,,,,,,
ððªð§ðª,1970-01-01 00:27:38.309906173+00:00,Summa pesuvan,False,False,,,,,,,,,,34819371cbefff50c01b6e200d1543e3,1970,1,1,3,0,,,,,,,,,,
ððªð§ðª,1970-01-01 00:27:38.309864824+00:00,Pesuvan,False,False,,,,,,,,,,863d33ed3464c71bf5916eca5235a3ca,1970,1,1,3,0,,,,,,,,,,
ððªð§ðª,1970-01-01 00:27:38.309851804+00:00,Avoola illa,False,False,,,,,,,,,,5fe6db4fe0af8da0279d5972ab3f4785,1970,1,1,3,0,,,,,,,,,,
kumaresh.89,1970-01-01 00:27:38.309833882+00:00,Instala,False,False,,,,,,,,,,cd65832fdeef56d339bf65fca5c35f04,1970,1,1,3,0,,,,,,,,,,
kumaresh.89,1970-01-01 00:27:38.309829882+00:00,Pesuviya ponnunga kita la,False,False,,,,,,,,,,6b6c2b03c94b24df52d95f1f74cb4107,1970,1,1,3,0,,,,,,,,,,
ððªð§ðª,1970-01-01 00:27:38.309807561+00:00,Entha ponnu,False,False,,,,,,,,,,90f833adfc7b7bd6ad11f389ae6ee796,1970,1,1,3,0,,,,,,,,,,
kumaresh.89,1970-01-01 00:27:38.309798323+00:00,Ne ponnunga kita la pesuviya,False,False,,,,,,,,,,48cd77b6ebd4fd3d2bc3f07239d048f8,1970,1,1,3,0,,,,,,,,,,
ððªð§ðª,1970-01-01 00:27:38.309758851+00:00,ð¤hanhan,False,False,,,,,,,,,,4c56b154a19904223e96665ac22fc754,1970,1,1,3,0,,,,,,,,,,
kumaresh.89,1970-01-01 00:27:38.309747012+00:00,Athan chat panna,False,False,,,,,,,,,,29ed224a795c9ad4ef3ecf72b62b36da,1970,1,1,3,0,,,,,,,,,,
kumaresh.89,1970-01-01 00:27:38.309741507+00:00,Bore adihathu,False,False,,,,,,,,,,bcf6f0f57c98104d6e628b44549ed7c3,1970,1,1,3,0,,,,,,,,,,
ððªð§ðª,1970-01-01 00:27:38.309727730+00:00,Avan phone vangi chat pannathu,False,False,,,,,,,,,,3ba20e019d682792fcdb5569dc4578fd,1970,1,1,3,0,,,,,,,,,,
kumaresh.89,1970-01-01 00:27:38.309704505+00:00,Ena sona,False,False,,,,,,,,,,ca4f694f483e5bd1e15f9b06831cdfe5,1970,1,1,3,0,,,,,,,,,,
kumaresh.89,1970-01-01 00:27:38.309700125+00:00,Apdiya,False,False,,,,,,,,,,cb277a60d8f02783909d3a913e6c58ba,1970,1,1,3,0,,,,,,,,,,
kumaresh.89,1970-01-01 00:27:38.309659685+00:00,,False,False,,,â¤ï¸,ððªð§ðª,1970-01-01 00:00:01.658309672+00:00,https://www.instagram.com/p/CfCAzmNJeOc/,,cine_aficionado,,a77588517f5338501ccd8c3c5f68c6d0,1970,1,1,3,0,,,,,,1970.0,1.0,1.0,3.0,0.0
ððªð§ðª,1970-01-01 00:27:38.309657851+00:00,Nee eppudi peesuran nu yash sollitan,False,False,,,,,,,,,,70db71a0ee7c5582e79e13289bf7d682,1970,1,1,3,0,,,,,,,,,,
ððªð§ðª,1970-01-01 00:27:38.309639127+00:00,Ama,False,False,,,,,,,,,,7645ff1dffa20bc45a826c97ea29669d,1970,1,1,3,0,,,,,,,,,,
kumaresh.89,1970-01-01 00:27:38.309617648+00:00,Sangamithra kita pesra,False,False,,,,,,,,,,c4399d03b75f71dedf3ae0c964aa1e07,1970,1,1,3,0,,,,,,,,,,
kumaresh.89,1970-01-01 00:27:38.309477065+00:00,Panten,False,False,,,,,,,,,,68269d887103850d9576b95d24b8212d,1970,1,1,3,0,,,,,,,,,,
ððªð§ðª,1970-01-01 00:27:38.309469182+00:00,Enthu,False,False,,,,,,,,,,3f43d17e9d747dc298876810ee3910f9,1970,1,1,3,0,,,,,,,,,,
ððªð§ðª,1970-01-01 00:27:38.309456178+00:00,Accept panra request uu,False,False,,,,,,,,,,617187e95e9ffe907341bbd094b7d8f4,1970,1,1,3,0,,,,,,,,,,
kumaresh.89,1970-01-01 00:27:38.309431389+00:00,Avlothan follow pandranga,False,False,,,,,,,,,,315a70f19d95cb33db5ea85737122318,1970,1,1,3,0,,,,,,,,,,
ððªð§ðª,1970-01-01 00:27:38.309251557+00:00,Y only 3 followers,False,False,,,,,,,,,,6c3436af8755207216885b8c186fac69,1970,1,1,3,0,,,,,,,,,,
ððªð§ðª,1970-01-01 00:27:38.309234909+00:00,Ethuvum illa,False,False,,,,,,,,,,0cdd8383b27cf907e89578bdab364adb,1970,1,1,3,0,,,,,,,,,,
kumaresh.89,1970-01-01 00:27:38.308836018+00:00,Panna,False,False,,,,,,,,,,0822bf1ab0b5ea3b1715156b86b4ec29,1970,1,1,3,0,,,,,,,,,,
kumaresh.89,1970-01-01 00:27:38.308818156+00:00,Ennada ennamo type,False,False,,,,,,,,,,3a4083a37d9874bca2bb237605461920,1970,1,1,3,0,,,,,,,,,,
ððªð§ðª,1970-01-01 00:27:38.308746929+00:00,ð,False,False,,,,,,,,,,134e3168d142b01fd970dfa94e0522a0,1970,1,1,3,0,,,,,,,,,,
kumaresh.89,1970-01-01 00:27:38.308730357+00:00,Enda nalla ennam,False,False,,,,,,,,,,f17f9c90101f15d6f482dbdb2ff59ae7,1970,1,1,3,0,,,,,,,,,,
kumaresh.89,1970-01-01 00:27:38.308716239+00:00,Dai,False,False,,,,,,,,,,fcdd17b6a49af04ce2bffdf1898b8b3d,1970,1,1,3,0,,,,,,,,,,
ððªð§ðª,1970-01-01 00:27:38.308549206+00:00,,False,False,,,,,,,,,,dc393ddd92c65f22048aad6e804ecce7,1970,1,1,3,0,,,,,,,,,,
