sender_name,timestamp_ms,content,is_geoblocked_for_viewer,is_unsent_image_by_messenger_kid_parent,reactions_0_reaction,reactions_0_actor,photos_0_uri,photos_0_creation_timestamp,share_link,share_share_text,share_original_content_owner,reactions_0_timestamp,photos_1_uri,photos_1_creation_timestamp,photos_2_uri,photos_2_creation_timestamp,photos_3_uri,photos_3_creation_timestamp,photos_4_uri,photos_4_creation_timestamp,photos_5_uri,photos_5_creation_timestamp,photos_6_uri,photos_6_creation_timestamp,videos_0_uri,videos_0_creation_timestamp,unique_id,timestamp_ms_year,timestamp_ms_month,timestamp_ms_day,timestamp_ms_weekday,timestamp_ms_hour,photos_0_creation_timestamp_year,photos_0_creation_timestamp_month,photos_0_creation_timestamp_day,photos_0_creation_timestamp_weekday,photos_0_creation_timestamp_hour,reactions_0_timestamp_year,reactions_0_timestamp_month,reactions_0_timestamp_day,reactions_0_timestamp_weekday,reactions_0_timestamp_hour,photos_1_creation_timestamp_year,photos_1_creation_timestamp_month,photos_1_creation_timestamp_day,photos_1_creation_timestamp_weekday,photos_1_creation_timestamp_hour,photos_2_creation_timestamp_year,photos_2_creation_timestamp_month,photos_2_creation_timestamp_day,photos_2_creation_timestamp_weekday,photos_2_creation_timestamp_hour,photos_3_creation_timestamp_year,photos_3_creation_timestamp_month,photos_3_creation_timestamp_day,photos_3_creation_timestamp_weekday,photos_3_creation_timestamp_hour,photos_4_creation_timestamp_year,photos_4_creation_timestamp_month,photos_4_creation_timestamp_day,photos_4_creation_timestamp_weekday,photos_4_creation_timestamp_hour,photos_5_creation_timestamp_year,photos_5_creation_timestamp_month,photos_5_creation_timestamp_day,photos_5_creation_timestamp_weekday,photos_5_creation_timestamp_hour,photos_6_creation_timestamp_year,photos_6_creation_timestamp_month,photos_6_creation_timestamp_day,photos_6_creation_timestamp_weekday,photos_6_creation_timestamp_hour,videos_0_creation_timestamp_year,videos_0_creation_timestamp_month,videos_0_creation_timestamp_day,videos_0_creation_timestamp_weekday,videos_0_creation_timestamp_hour
Vishalâ,1970-01-01 00:29:09.280853948+00:00,thnx machii,False,False,,,,,,,,,,,,,,,,,,,,,,,cca2b922d136404721ffb7114b57def2,1970,1,1,3,0,,,,,,,,,,,,,,,,,,,,,,,,,,,,,,,,,,,,,,,,,,,,,
Vishalâ,1970-01-01 00:29:09.280847542+00:00,à®®à¯à®à¯à®à¯ à®µà®¿à®°à¯à®®à¯à®ªà®¿à®¯à¯à®³à¯à®³à®¾à®°à¯,False,False,,,,,,,,,,,,,,,,,,,,,,,bc4fd40b8162d8c4ff87bc4252a33fb2,1970,1,1,3,0,,,,,,,,,,,,,,,,,,,,,,,,,,,,,,,,,,,,,,,,,,,,,
ððªð§ðª,1970-01-01 00:29:09.280350291+00:00,Happy Birthday machaa ð¥ð«,False,False,â¤,Vishalâ,,,,,,,,,,,,,,,,,,,,,6022b0b6424319abfabfd4d172be68fa,1970,1,1,3,0,,,,,,,,,,,,,,,,,,,,,,,,,,,,,,,,,,,,,,,,,,,,,
Vishalâ,1970-01-01 00:29:02.494666141+00:00,,False,False,,,,,,,,,,,,,,,,,,,,,,,8bd3dbbac29b22c14f071e39cb65a35d,1970,1,1,3,0,,,,,,,,,,,,,,,,,,,,,,,,,,,,,,,,,,,,,,,,,,,,,
Vishalâ,1970-01-01 00:29:02.379236622+00:00,12.5k,False,False,,,,,,,,,,,,,,,,,,,,,,,7efb90ec29d053344ce5846e0158e09c,1970,1,1,3,0,,,,,,,,,,,,,,,,,,,,,,,,,,,,,,,,,,,,,,,,,,,,,
ððªð§ðª,1970-01-01 00:29:02.377265463+00:00,,False,False,,,your_instagram_activity/messages/inbox/vishal_17944899410785945/photos/484783370_2698834836970553_2242518558563738073_n_2698834833637220.jpg,1970-01-01 00:00:01.742377264+00:00,,,,,,,,,,,,,,,,,,,83726fdcc3462405af235aebd4ff4c27,1970,1,1,3,0,1970.0,1.0,1.0,3.0,0.0,,,,,,,,,,,,,,,,,,,,,,,,,,,,,,,,,,,,,,,,
ððªð§ðª,1970-01-01 00:29:02.373166695+00:00,,False,False,,,,,https://instagram.com/stories/gx._.lee/3591608837293312461,,,,,,,,,,,,,,,,,,df4c2d8179d3ec7753f3cd0caf2b53df,1970,1,1,3,0,,,,,,,,,,,,,,,,,,,,,,,,,,,,,,,,,,,,,,,,,,,,,
Vishalâ,1970-01-01 00:29:02.369136991+00:00,,False,False,,,,,,,,,,,,,,,,,,,,,,,6c712ad47104c51f11c46d9146e630c5,1970,1,1,3,0,,,,,,,,,,,,,,,,,,,,,,,,,,,,,,,,,,,,,,,,,,,,,
Vishalâ,1970-01-01 00:28:59.949308840+00:00,Vishalâ sent an attachment.,False,False,,,,,,,,,,,,,,,,,,,,,,,7c0a5b2c95ae2870fba2229868746b84,1970,1,1,3,0,,,,,,,,,,,,,,,,,,,,,,,,,,,,,,,,,,,,,,,,,,,,,
Vishalâ,1970-01-01 00:28:59.849762320+00:00,Vishalâ sent an attachment.,False,False,,,,,,,,,,,,,,,,,,,,,,,25bcc6463d42c3660fc9fdfff810c386,1970,1,1,3,0,,,,,,,,,,,,,,,,,,,,,,,,,,,,,,,,,,,,,,,,,,,,,
Vishalâ,1970-01-01 00:28:58.832634846+00:00,,False,False,,,,,,,,,,,,,,,,,,,,,,,bfeab4939866ff23177cf6fedd485462,1970,1,1,3,0,,,,,,,,,,,,,,,,,,,,,,,,,,,,,,,,,,,,,,,,,,,,,
ððªð§ðª,1970-01-01 00:28:58.831256854+00:00,,False,False,,,,,https://instagram.com/stories/gx._.lee/3561896194193671246,,,,,,,,,,,,,,,,,,1880c8a4cbd6244a55d1baea36b864f3,1970,1,1,3,0,,,,,,,,,,,,,,,,,,,,,,,,,,,,,,,,,,,,,,,,,,,,,
Vishalâ,1970-01-01 00:28:58.827230200+00:00,,False,False,,,,,,,,,,,,,,,,,,,,,,,2f27cecc0570e0bb6f1f4204e19d9265,1970,1,1,3,0,,,,,,,,,,,,,,,,,,,,,,,,,,,,,,,,,,,,,,,,,,,,,
Vishalâ,1970-01-01 00:28:58.827202825+00:00,,False,False,,,,,,,,,,,,,,,,,,,,,,,f7804b5cedfce62dedc4455e3000f4d8,1970,1,1,3,0,,,,,,,,,,,,,,,,,,,,,,,,,,,,,,,,,,,,,,,,,,,,,
ððªð§ðª,1970-01-01 00:28:58.765422981+00:00,ð,False,False,,,,,,,,,,,,,,,,,,,,,,,61f9d7c89871d7d917319fae0dd22f3a,1970,1,1,3,0,,,,,,,,,,,,,,,,,,,,,,,,,,,,,,,,,,,,,,,,,,,,,
Vishalâ,1970-01-01 00:28:58.750551954+00:00,Vishalâ sent an attachment.,False,False,,,,,,,,,,,,,,,,,,,,,,,760b889d139526284df02fc0635cb321,1970,1,1,3,0,,,,,,,,,,,,,,,,,,,,,,,,,,,,,,,,,,,,,,,,,,,,,
Vishalâ,1970-01-01 00:28:58.718402333+00:00,,False,False,,,,,https://instagram.com/stories/vishaaleh/3560949937846366980,,,,,,,,,,,,,,,,,,236196b3d54e0b1a91156773153f130c,1970,1,1,3,0,,,,,,,,,,,,,,,,,,,,,,,,,,,,,,,,,,,,,,,,,,,,,
Vishalâ,1970-01-01 00:28:58.716501836+00:00,,False,False,,,,,,,,,,,,,,,,,,,,,,,ce28dcb048d69de578d5c082f6fe6e76,1970,1,1,3,0,,,,,,,,,,,,,,,,,,,,,,,,,,,,,,,,,,,,,,,,,,,,,
ððªð§ðª,1970-01-01 00:28:58.689140621+00:00,,False,False,,,,,https://instagram.com/stories/gx._.lee/3560701686584879805,,,,,,,,,,,,,,,,,,bf6bc81aafab43d5b0ca786fbeaa56dd,1970,1,1,3,0,,,,,,,,,,,,,,,,,,,,,,,,,,,,,,,,,,,,,,,,,,,,,
Vishalâ,1970-01-01 00:28:58.491736157+00:00,Vishalâ sent an attachment.,False,False,,,,,https://www.instagram.com/reel/C_iOHL9yv_y/?id=3450382331054587890_9489522907,,yathrikulu_,,,,,,,,,,,,,,,,c87155762395c2bccbd0b8f8d81a400d,1970,1,1,3,0,,,,,,,,,,,,,,,,,,,,,,,,,,,,,,,,,,,,,,,,,,,,,
Vishalâ,1970-01-01 00:28:58.491217035+00:00,Vishalâ sent an attachment.,False,False,,,,,https://www.instagram.com/reel/DFZfs0pzKjZ/?id=3556012800420391129_24091228540,,pixel_shivaa,,,,,,,,,,,,,,,,651a94c1ca6b552ddb0b951b931be5a6,1970,1,1,3,0,,,,,,,,,,,,,,,,,,,,,,,,,,,,,,,,,,,,,,,,,,,,,
ððªð§ðª,1970-01-01 00:28:58.182956458+00:00,You sent an attachment.,False,False,,,,,https://www.instagram.com/reel/DE7TIvmtUS0/?id=3547513295239201972_62214536890,,vibe_aesthetics._,,,,,,,,,,,,,,,,ae68f8801ee71b698e209d4a97b852c5,1970,1,1,3,0,,,,,,,,,,,,,,,,,,,,,,,,,,,,,,,,,,,,,,,,,,,,,
ððªð§ðª,1970-01-01 00:28:58.182682966+00:00,You sent an attachment.,False,False,,,,,https://www.instagram.com/reel/DEzbgiGiTlf/?id=3545298314566646111_5336450361,,jini_sundarraj,,,,,,,,,,,,,,,,3ea317977c1b5a8a6f76a0a065709a5d,1970,1,1,3,0,,,,,,,,,,,,,,,,,,,,,,,,,,,,,,,,,,,,,,,,,,,,,
Vishalâ,1970-01-01 00:28:57.374143591+00:00,thada,False,False,,,,,,,,,,,,,,,,,,,,,,,4d536399f6466aca5133abc32c5d7e12,1970,1,1,3,0,,,,,,,,,,,,,,,,,,,,,,,,,,,,,,,,,,,,,,,,,,,,,
ððªð§ðª,1970-01-01 00:28:57.369721107+00:00,Place,False,False,,,,,,,,,,,,,,,,,,,,,,,7fa6785b831a4e9ae6933d8ff2ffd943,1970,1,1,3,0,,,,,,,,,,,,,,,,,,,,,,,,,,,,,,,,,,,,,,,,,,,,,
ððªð§ðª,1970-01-01 00:28:57.369711935+00:00,Enga daa,False,False,,,,,,,,,,,,,,,,,,,,,,,1ae71b8d882e890eb81f0513bcf15d9b,1970,1,1,3,0,,,,,,,,,,,,,,,,,,,,,,,,,,,,,,,,,,,,,,,,,,,,,
Vishalâ,1970-01-01 00:28:57.365230546+00:00,Vishalâ sent an attachment.,False,False,,,,,https://www.instagram.com/reel/DDo-rSIyLE1/?id=3524342361713324341_2157629157,,dinesh_ranit_c,,,,,,,,,,,,,,,,1411dcecdc2abdf1af162d6e30292c92,1970,1,1,3,0,,,,,,,,,,,,,,,,,,,,,,,,,,,,,,,,,,,,,,,,,,,,,
Vishalâ,1970-01-01 00:28:55.840127158+00:00,à®®à¯à®à¯à®à¯ à®µà®¿à®°à¯à®®à¯à®ªà®¿à®¯à¯à®³à¯à®³à®¾à®°à¯,False,False,,,,,,,,,,,,,,,,,,,,,,,5f897fadc3f3d089d63b26ab7d727312,1970,1,1,3,0,,,,,,,,,,,,,,,,,,,,,,,,,,,,,,,,,,,,,,,,,,,,,
ððªð§ðª,1970-01-01 00:28:55.840077651+00:00,,False,False,â¤,Vishalâ,,,https://instagram.com/stories/gx._.lee/3536805263615405730,,,1970-01-01 00:00:01.735840127+00:00,,,,,,,,,,,,,,,92a044c5db52b2d0feba6e48bf3ced0e,1970,1,1,3,0,,,,,,1970.0,1.0,1.0,3.0,0.0,,,,,,,,,,,,,,,,,,,,,,,,,,,,,,,,,,,
Vishalâ,1970-01-01 00:28:55.839866581+00:00,,False,False,,,,,https://instagram.com/stories/vishaaleh/3536802032881795530,,,,,,,,,,,,,,,,,,d0444edc40e1cbe0ebd16363446dbb35,1970,1,1,3,0,,,,,,,,,,,,,,,,,,,,,,,,,,,,,,,,,,,,,,,,,,,,,
Vishalâ,1970-01-01 00:28:55.642017578+00:00,Vishalâ sent an attachment.,False,False,,,,,https://www.instagram.com/reel/DENbFI_z48f/?id=3534600383069392671_4520551093,,dins_dk_,,,,,,,,,,,,,,,,286677adab1ee96877de487deb8490fa,1970,1,1,3,0,,,,,,,,,,,,,,,,,,,,,,,,,,,,,,,,,,,,,,,,,,,,,
ððªð§ðª,1970-01-01 00:28:55.468864854+00:00,Mm,False,False,,,,,,,,,,,,,,,,,,,,,,,6c8420bdf63c802e3611b9eb97d789e8,1970,1,1,3,0,,,,,,,,,,,,,,,,,,,,,,,,,,,,,,,,,,,,,,,,,,,,,
Vishalâ,1970-01-01 00:28:55.468853675+00:00,apo naliku night bullet la paraka pora,False,False,,,,,,,,,,,,,,,,,,,,,,,89368dd0b373683dc99b244c5cf6c93b,1970,1,1,3,0,,,,,,,,,,,,,,,,,,,,,,,,,,,,,,,,,,,,,,,,,,,,,
Vishalâ,1970-01-01 00:28:55.468838137+00:00,weight ra,False,False,,,,,,,,,,,,,,,,,,,,,,,637fd4af66167d1b58e527dd4b8474eb,1970,1,1,3,0,,,,,,,,,,,,,,,,,,,,,,,,,,,,,,,,,,,,,,,,,,,,,
Vishalâ,1970-01-01 00:28:55.468833687+00:00,à®®à¯à®à¯à®à¯ à®µà®¿à®°à¯à®®à¯à®ªà®¿à®¯à¯à®³à¯à®³à®¾à®°à¯,False,False,,,,,,,,,,,,,,,,,,,,,,,14f8bbef7913dc368961f833436192f6,1970,1,1,3,0,,,,,,,,,,,,,,,,,,,,,,,,,,,,,,,,,,,,,,,,,,,,,
ððªð§ðª,1970-01-01 00:28:55.467746636+00:00,Lisence uum vanthuchi,False,False,,,,,,,,,,,,,,,,,,,,,,,ddcdb1d186889d96c8d9dd635abed8c5,1970,1,1,3,0,,,,,,,,,,,,,,,,,,,,,,,,,,,,,,,,,,,,,,,,,,,,,
ððªð§ðª,1970-01-01 00:28:55.467595290+00:00,Ila rto ulla terinja aalu thaa,False,False,â¤,Vishalâ,,,,,,1970-01-01 00:00:01.735468833+00:00,,,,,,,,,,,,,,,8dddf97f0d7e98d4c3a270e8816a14cf,1970,1,1,3,0,,,,,,1970.0,1.0,1.0,3.0,0.0,,,,,,,,,,,,,,,,,,,,,,,,,,,,,,,,,,,
Vishalâ,1970-01-01 00:28:55.467419440+00:00,etha extra acha,False,False,,,,,,,,,,,,,,,,,,,,,,,8d80fafab2df24a754ce469da2927c93,1970,1,1,3,0,,,,,,,,,,,,,,,,,,,,,,,,,,,,,,,,,,,,,,,,,,,,,
Vishalâ,1970-01-01 00:28:55.467410754+00:00,weight raa,False,False,,,,,,,,,,,,,,,,,,,,,,,db63744cec8a9a6696c29551eeaba495,1970,1,1,3,0,,,,,,,,,,,,,,,,,,,,,,,,,,,,,,,,,,,,,,,,,,,,,
ððªð§ðª,1970-01-01 00:28:55.467402202+00:00,Ra num,False,False,,,,,,,,,,,,,,,,,,,,,,,dccb944a862d71b5fd4e75c521e23749,1970,1,1,3,0,,,,,,,,,,,,,,,,,,,,,,,,,,,,,,,,,,,,,,,,,,,,,
ððªð§ðª,1970-01-01 00:28:55.467397963+00:00,8866,False,False,,,,,,,,,,,,,,,,,,,,,,,6b29ed004709cb9adb9dc6ec85aa69db,1970,1,1,3,0,,,,,,,,,,,,,,,,,,,,,,,,,,,,,,,,,,,,,,,,,,,,,
ððªð§ðª,1970-01-01 00:28:55.467394477+00:00,Mm,False,False,,,,,,,,,,,,,,,,,,,,,,,43a2c18b19e9afce77473f244f588411,1970,1,1,3,0,,,,,,,,,,,,,,,,,,,,,,,,,,,,,,,,,,,,,,,,,,,,,
Vishalâ,1970-01-01 00:28:55.466914342+00:00,reg agicha unthu,False,False,,,,,,,,,,,,,,,,,,,,,,,6ac886c95075fec145d532a6a7905837,1970,1,1,3,0,,,,,,,,,,,,,,,,,,,,,,,,,,,,,,,,,,,,,,,,,,,,,
Vishalâ,1970-01-01 00:28:55.466906986+00:00,mm,False,False,,,,,,,,,,,,,,,,,,,,,,,c466023a6d958cd36b97487a60254096,1970,1,1,3,0,,,,,,,,,,,,,,,,,,,,,,,,,,,,,,,,,,,,,,,,,,,,,
ððªð§ðª,1970-01-01 00:28:55.466902352+00:00,Mm kekuraa,False,False,,,,,,,,,,,,,,,,,,,,,,,3157bb5f1599105379dee82d03fd3d5d,1970,1,1,3,0,,,,,,,,,,,,,,,,,,,,,,,,,,,,,,,,,,,,,,,,,,,,,
Vishalâ,1970-01-01 00:28:55.466896036+00:00,ketu paru,False,False,,,,,,,,,,,,,,,,,,,,,,,bc5261adcde5f56f45f686ae6278485f,1970,1,1,3,0,,,,,,,,,,,,,,,,,,,,,,,,,,,,,,,,,,,,,,,,,,,,,
Vishalâ,1970-01-01 00:28:55.466891826+00:00,avan frnd evano tha,False,False,,,,,,,,,,,,,,,,,,,,,,,6c8db245e7a19a6642e59658b2878571,1970,1,1,3,0,,,,,,,,,,,,,,,,,,,,,,,,,,,,,,,,,,,,,,,,,,,,,
ððªð§ðª,1970-01-01 00:28:55.466875815+00:00,Ava eddukala,False,False,,,,,,,,,,,,,,,,,,,,,,,0d5108f7418ee67603c017ae373145c3,1970,1,1,3,0,,,,,,,,,,,,,,,,,,,,,,,,,,,,,,,,,,,,,,,,,,,,,
Vishalâ,1970-01-01 00:28:55.466855138+00:00,ethana korachnagala kelu,False,False,,,,,,,,,,,,,,,,,,,,,,,345806aba78fc338abb2663619139727,1970,1,1,3,0,,,,,,,,,,,,,,,,,,,,,,,,,,,,,,,,,,,,,,,,,,,,,
ððªð§ðª,1970-01-01 00:28:55.466846670+00:00,Enn dept thaaa,False,False,,,,,,,,,,,,,,,,,,,,,,,74a10f42a683aa6b9e72e02c2bb27768,1970,1,1,3,0,,,,,,,,,,,,,,,,,,,,,,,,,,,,,,,,,,,,,,,,,,,,,
ððªð§ðª,1970-01-01 00:28:55.466836977+00:00,Mm solra,False,False,,,,,,,,,,,,,,,,,,,,,,,bba4cc66a779a059a9246420eb8e2341,1970,1,1,3,0,,,,,,,,,,,,,,,,,,,,,,,,,,,,,,,,,,,,,,,,,,,,,
Vishalâ,1970-01-01 00:28:55.466803257+00:00,macha ivana theriyum thana unaku,False,False,,,,,,,,,,,,,,,,,,,,,,,3a42a76980e8585ff97f0deb52397add,1970,1,1,3,0,,,,,,,,,,,,,,,,,,,,,,,,,,,,,,,,,,,,,,,,,,,,,
Vishalâ,1970-01-01 00:28:55.466802570+00:00,,False,False,,,,,,,rishi__.31,,,,,,,,,,,,,,,,1f3a3458797166004531dcf7505c3fdf,1970,1,1,3,0,,,,,,,,,,,,,,,,,,,,,,,,,,,,,,,,,,,,,,,,,,,,,
Vishalâ,1970-01-01 00:28:55.105839636+00:00,Vishalâ sent an attachment.,False,False,,,,,https://www.instagram.com/reel/DD96f-5B0fe/?id=3530234967458531294_51319433305,,la_dance_studio__,,,,,,,,,,,,,,,,6040309de245d6e53ec407638d63aa05,1970,1,1,3,0,,,,,,,,,,,,,,,,,,,,,,,,,,,,,,,,,,,,,,,,,,,,,
Vishalâ,1970-01-01 00:28:54.570325266+00:00,Vishalâ sent an attachment.,False,False,,,,,https://www.instagram.com/reel/DDdwTdwS_M1/?id=3521182927524983605_53257952756,,lyra_vlogs,,,,,,,,,,,,,,,,3cc8f5923e1a759807c776ff2199c0c2,1970,1,1,3,0,,,,,,,,,,,,,,,,,,,,,,,,,,,,,,,,,,,,,,,,,,,,,
Vishalâ,1970-01-01 00:28:54.538659662+00:00,à®®à¯à®à¯à®à¯ à®µà®¿à®°à¯à®®à¯à®ªà®¿à®¯à¯à®³à¯à®³à®¾à®°à¯,False,False,,,,,,,,,,,,,,,,,,,,,,,ca8576f30b3328612df30c57e0063d5c,1970,1,1,3,0,,,,,,,,,,,,,,,,,,,,,,,,,,,,,,,,,,,,,,,,,,,,,
ððªð§ðª,1970-01-01 00:28:54.330549085+00:00,Mm macha,False,False,â¤,Vishalâ,,,,,,1970-01-01 00:00:01.734538659+00:00,,,,,,,,,,,,,,,f49d76fd931bd7d38aabeb50680adefb,1970,1,1,3,0,,,,,,1970.0,1.0,1.0,3.0,0.0,,,,,,,,,,,,,,,,,,,,,,,,,,,,,,,,,,,
Vishalâ,1970-01-01 00:28:54.330059257+00:00,seri pona solu,False,False,,,,,,,,,,,,,,,,,,,,,,,b8857828aeeba3e7ca0b8e9537fbedf3,1970,1,1,3,0,,,,,,,,,,,,,,,,,,,,,,,,,,,,,,,,,,,,,,,,,,,,,
ððªð§ðª,1970-01-01 00:28:54.329959012+00:00,Mm pakalam,False,False,,,,,,,,,,,,,,,,,,,,,,,90dcd3ea68f242dce4e3e97447afc711,1970,1,1,3,0,,,,,,,,,,,,,,,,,,,,,,,,,,,,,,,,,,,,,,,,,,,,,
Vishalâ,1970-01-01 00:28:54.329566083+00:00,oru utuber puthusa open pani etho offer potham ipo,False,False,,,,,,,,,,,,,,,,,,,,,,,2551252ce96790c25478ab831208fbb8,1970,1,1,3,0,,,,,,,,,,,,,,,,,,,,,,,,,,,,,,,,,,,,,,,,,,,,,
ððªð§ðª,1970-01-01 00:28:54.329544374+00:00,Athu terla,False,False,,,,,,,,,,,,,,,,,,,,,,,052997c6c7e28160cedbae1e140c9cf8,1970,1,1,3,0,,,,,,,,,,,,,,,,,,,,,,,,,,,,,,,,,,,,,,,,,,,,,
Vishalâ,1970-01-01 00:28:54.329530075+00:00,tank ku matum evlo,False,False,,,,,,,,,,,,,,,,,,,,,,,72f13e88940a8c92b0bbb2fad6feceb1,1970,1,1,3,0,,,,,,,,,,,,,,,,,,,,,,,,,,,,,,,,,,,,,,,,,,,,,
Vishalâ,1970-01-01 00:28:54.329523569+00:00,iyo,False,False,,,,,,,,,,,,,,,,,,,,,,,06316cbc58f7ca80f583dd4147df3ab4,1970,1,1,3,0,,,,,,,,,,,,,,,,,,,,,,,,,,,,,,,,,,,,,,,,,,,,,
ððªð§ðª,1970-01-01 00:28:54.329516190+00:00,Total 12 aaguthu,False,False,,,,,,,,,,,,,,,,,,,,,,,b0b659922f0b4445978e7dbeaa3b7954,1970,1,1,3,0,,,,,,,,,,,,,,,,,,,,,,,,,,,,,,,,,,,,,,,,,,,,,
ððªð§ðª,1970-01-01 00:28:54.329504875+00:00,Terla macha 6 tha iruku,False,False,,,,,,,,,,,,,,,,,,,,,,,426d0dc1fe564c32bf1a79277a40dc3e,1970,1,1,3,0,,,,,,,,,,,,,,,,,,,,,,,,,,,,,,,,,,,,,,,,,,,,,
Vishalâ,1970-01-01 00:28:54.329495753+00:00,evlo varthu,False,False,,,,,,,,,,,,,,,,,,,,,,,d810369860ae4219368e35cafaeec03d,1970,1,1,3,0,,,,,,,,,,,,,,,,,,,,,,,,,,,,,,,,,,,,,,,,,,,,,
Vishalâ,1970-01-01 00:28:54.329485698+00:00,epo pora,False,False,,,,,,,,,,,,,,,,,,,,,,,ccf4121c5e10341901dda1e3e8a515bd,1970,1,1,3,0,,,,,,,,,,,,,,,,,,,,,,,,,,,,,,,,,,,,,,,,,,,,,
ððªð§ðª,1970-01-01 00:28:54.329460279+00:00,Chennai oru eddam pathu vechi iruka,False,False,,,,,,,,,,,,,,,,,,,,,,,669c5204d3a342a55d7f27146d5be2ec,1970,1,1,3,0,,,,,,,,,,,,,,,,,,,,,,,,,,,,,,,,,,,,,,,,,,,,,
Vishalâ,1970-01-01 00:28:54.329438105+00:00,enga,False,False,,,,,,,,,,,,,,,,,,,,,,,98684012596af94281dbf8d0989d4d8d,1970,1,1,3,0,,,,,,,,,,,,,,,,,,,,,,,,,,,,,,,,,,,,,,,,,,,,,
ððªð§ðª,1970-01-01 00:28:54.329425935+00:00,Mm,False,False,,,,,,,,,,,,,,,,,,,,,,,b6480b8d1505ddadd2109b0f6f73088e,1970,1,1,3,0,,,,,,,,,,,,,,,,,,,,,,,,,,,,,,,,,,,,,,,,,,,,,
Vishalâ,1970-01-01 00:28:54.329418889+00:00,ppf podriya?,False,False,,,,,,,,,,,,,,,,,,,,,,,2dfa69bcd440742f1af21465e8b95d57,1970,1,1,3,0,,,,,,,,,,,,,,,,,,,,,,,,,,,,,,,,,,,,,,,,,,,,,
Vishalâ,1970-01-01 00:28:54.329242287+00:00,mm,False,False,,,,,,,,,,,,,,,,,,,,,,,d6c5eb3d27dd60e613c3e295307617e9,1970,1,1,3,0,,,,,,,,,,,,,,,,,,,,,,,,,,,,,,,,,,,,,,,,,,,,,
ððªð§ðª,1970-01-01 00:28:54.329228135+00:00,Podalaam,False,False,,,,,,,,,,,,,,,,,,,,,,,97cc2bef360ad50c88ef29be2868c711,1970,1,1,3,0,,,,,,,,,,,,,,,,,,,,,,,,,,,,,,,,,,,,,,,,,,,,,
Vishalâ,1970-01-01 00:28:54.329221012+00:00,ithu vena,False,False,,,,,https://instagram.com/stories/gx._.lee/3524129522971856930,,,,,,,,,,,,,,,,,,2c80d1c7cc0d7d87ebb1ce4372260279,1970,1,1,3,0,,,,,,,,,,,,,,,,,,,,,,,,,,,,,,,,,,,,,,,,,,,,,
Vishalâ,1970-01-01 00:28:54.329215456+00:00,nalla eduthu podunga bro,False,False,,,,,https://instagram.com/stories/gx._.lee/3524129522971856930,,,,,,,,,,,,,,,,,,83f6d7f2e6c0782453cb9108da5effcb,1970,1,1,3,0,,,,,,,,,,,,,,,,,,,,,,,,,,,,,,,,,,,,,,,,,,,,,
ððªð§ðª,1970-01-01 00:28:49.268857858+00:00,ð,False,False,,,,,,,,,,,,,,,,,,,,,,,d605c525c910a8b1d2f640b7f677f975,1970,1,1,3,0,,,,,,,,,,,,,,,,,,,,,,,,,,,,,,,,,,,,,,,,,,,,,
Vishalâ,1970-01-01 00:28:49.254130387+00:00,Vishalâ sent an attachment.,False,False,,,,,https://www.instagram.com/p/DBBZGclvodD/,,tamil.engineer,,,,,,,,,,,,,,,,c7e7a0e4c2a1e400d549e678bd2ab763,1970,1,1,3,0,,,,,,,,,,,,,,,,,,,,,,,,,,,,,,,,,,,,,,,,,,,,,
Vishalâ,1970-01-01 00:28:48.790219752+00:00,Vishalâ sent an attachment.,False,False,ð,ððªð§ðª,,,https://www.instagram.com/reel/C9jaApUxk0c/?id=3414687336058211612_5829479128,,poor_meme_page,1970-01-01 00:00:01.728819463+00:00,,,,,,,,,,,,,,,29b12e1649a1b78731b5930249ebe3f7,1970,1,1,3,0,,,,,,1970.0,1.0,1.0,3.0,0.0,,,,,,,,,,,,,,,,,,,,,,,,,,,,,,,,,,,
Vishalâ,1970-01-01 00:28:48.639646953+00:00,,False,False,,,,,,,,,,,,,,,,,,,,,,,d55ab2935ae04fc8f76137641d631142,1970,1,1,3,0,,,,,,,,,,,,,,,,,,,,,,,,,,,,,,,,,,,,,,,,,,,,,
Vishalâ,1970-01-01 00:28:45.563219182+00:00,,False,False,,,,,,,,,,,,,,,,,,,,,,,6c94e78a0eab4394ea095c988129ca77,1970,1,1,3,0,,,,,,,,,,,,,,,,,,,,,,,,,,,,,,,,,,,,,,,,,,,,,
Vishalâ,1970-01-01 00:28:44.837591273+00:00,à®®à¯à®à¯à®à¯ à®µà®¿à®°à¯à®®à¯à®ªà®¿à®¯à¯à®³à¯à®³à®¾à®°à¯,False,False,,,,,,,,,,,,,,,,,,,,,,,7c28a42848ac4ffc6c59624dac5d4b0d,1970,1,1,3,0,,,,,,,,,,,,,,,,,,,,,,,,,,,,,,,,,,,,,,,,,,,,,
ððªð§ðª,1970-01-01 00:28:44.833363750+00:00,Vachhii daa laaam,False,False,â¤,Vishalâ,,,,,,1970-01-01 00:00:01.724837591+00:00,,,,,,,,,,,,,,,7c62e1c8fa62afa91a9133d64e094ae1,1970,1,1,3,0,,,,,,1970.0,1.0,1.0,3.0,0.0,,,,,,,,,,,,,,,,,,,,,,,,,,,,,,,,,,,
Vishalâ,1970-01-01 00:28:44.832629047+00:00,ð,False,False,,,,,,,,,,,,,,,,,,,,,,,7eca8c4c256300d30e77fc04f8624718,1970,1,1,3,0,,,,,,,,,,,,,,,,,,,,,,,,,,,,,,,,,,,,,,,,,,,,,
Vishalâ,1970-01-01 00:28:44.832622917+00:00,treat bhai,False,False,,,,,,,,,,,,,,,,,,,,,,,5825828bc238c2612229b2a1baa50b9c,1970,1,1,3,0,,,,,,,,,,,,,,,,,,,,,,,,,,,,,,,,,,,,,,,,,,,,,
Vishalâ,1970-01-01 00:28:44.832615959+00:00,à®®à¯à®à¯à®à¯ à®µà®¿à®°à¯à®®à¯à®ªà®¿à®¯à¯à®³à¯à®³à®¾à®°à¯,False,False,,,,,,,,,,,,,,,,,,,,,,,6c1fa62f147783d9152e9a0c84c39d3f,1970,1,1,3,0,,,,,,,,,,,,,,,,,,,,,,,,,,,,,,,,,,,,,,,,,,,,,
ððªð§ðª,1970-01-01 00:28:44.832138950+00:00,Thx Bhai â¥ï¸,False,False,â¤,Vishalâ,,,,,,1970-01-01 00:00:01.724832615+00:00,,,,,,,,,,,,,,,8a8a52de57bfb16d54c68078d779f488,1970,1,1,3,0,,,,,,1970.0,1.0,1.0,3.0,0.0,,,,,,,,,,,,,,,,,,,,,,,,,,,,,,,,,,,
Vishalâ,1970-01-01 00:28:44.831247627+00:00,,False,False,,,,,,,,,,,,,,,,,,,,,,,bf3fe8b70a3ef9284a76646eeb1a49b4,1970,1,1,3,0,,,,,,,,,,,,,,,,,,,,,,,,,,,,,,,,,,,,,,,,,,,,,
Vishalâ,1970-01-01 00:28:44.824660583+00:00,à®®à¯à®à¯à®à¯ à®µà®¿à®°à¯à®®à¯à®ªà®¿à®¯à¯à®³à¯à®³à®¾à®°à¯,False,False,,,,,,,,,,,,,,,,,,,,,,,bd1a75a12221f4d261adbffed0b169d6,1970,1,1,3,0,,,,,,,,,,,,,,,,,,,,,,,,,,,,,,,,,,,,,,,,,,,,,
ððªð§ðª,1970-01-01 00:28:44.815661897+00:00,Thx thalað«â¥ï¸,False,False,â¤,Vishalâ,,,,,,1970-01-01 00:00:01.724824660+00:00,,,,,,,,,,,,,,,0a95e549bc2c904b0f15f2850b39f836,1970,1,1,3,0,,,,,,1970.0,1.0,1.0,3.0,0.0,,,,,,,,,,,,,,,,,,,,,,,,,,,,,,,,,,,
Vishalâ,1970-01-01 00:28:44.814582398+00:00,happy birthday brooâ¤ï¸ð»,False,False,,,,,,,,,,,,,,,,,,,,,,,dc00fcbd50e6dc2d5a37dac430992de7,1970,1,1,3,0,,,,,,,,,,,,,,,,,,,,,,,,,,,,,,,,,,,,,,,,,,,,,
ððªð§ðª,1970-01-01 00:28:44.809319910+00:00,ð,False,False,,,,,,,,,,,,,,,,,,,,,,,cda711a30ef03286d4aaecfc8d35d396,1970,1,1,3,0,,,,,,,,,,,,,,,,,,,,,,,,,,,,,,,,,,,,,,,,,,,,,
Vishalâ,1970-01-01 00:28:44.778024891+00:00,Vishalâ sent an attachment.,False,False,,,,,,,,,,,,,,,,,,,,,,,918ed3305b32b5f20cd20aaba6a4606e,1970,1,1,3,0,,,,,,,,,,,,,,,,,,,,,,,,,,,,,,,,,,,,,,,,,,,,,
Vishalâ,1970-01-01 00:28:32.815309561+00:00,Ok bro,False,False,,,,,,,,,,,,,,,,,,,,,,,75bb853dcd5639014a977bad07b20c78,1970,1,1,3,0,,,,,,,,,,,,,,,,,,,,,,,,,,,,,,,,,,,,,,,,,,,,,
ððªð§ðª,1970-01-01 00:28:32.813771712+00:00,Payment pannanum broo,False,False,,,,,,,,,,,,,,,,,,,,,,,0848d4d7b745c36d30fb94d392a976c1,1970,1,1,3,0,,,,,,,,,,,,,,,,,,,,,,,,,,,,,,,,,,,,,,,,,,,,,
Vishalâ,1970-01-01 00:28:32.808770598+00:00,Book panum pothu payment pana venava?,False,False,,,,,,,,,,,,,,,,,,,,,,,5dd6c2a017b513208e277e1b4d85c699,1970,1,1,3,0,,,,,,,,,,,,,,,,,,,,,,,,,,,,,,,,,,,,,,,,,,,,,
ððªð§ðª,1970-01-01 00:28:32.807887284+00:00,Athu time etha maari maarum,False,False,,,,,,,,,,,,,,,,,,,,,,,9407fca3aae926c65a5d41415a3b11c5,1970,1,1,3,0,,,,,,,,,,,,,,,,,,,,,,,,,,,,,,,,,,,,,,,,,,,,,
ððªð§ðª,1970-01-01 00:28:32.807863843+00:00,Tax pootan bro 315 rs,False,False,,,,,,,,,,,,,,,,,,,,,,,3b685333be7b71dea3bb19656fb04370,1970,1,1,3,0,,,,,,,,,,,,,,,,,,,,,,,,,,,,,,,,,,,,,,,,,,,,,
Vishalâ,1970-01-01 00:28:32.767690038+00:00,Coupon ethachu iruku,False,False,,,,,,,,,,,,,,,,,,,,,,,1643d0303e4b73a304d94c27a74aeb31,1970,1,1,3,0,,,,,,,,,,,,,,,,,,,,,,,,,,,,,,,,,,,,,,,,,,,,,
Vishalâ,1970-01-01 00:28:32.767678379+00:00,Ungluku tax podalaya bro?,False,False,,,,,,,,,,,,,,,,,,,,,,,debf42ee3cb592c28c88ce46c2dea435,1970,1,1,3,0,,,,,,,,,,,,,,,,,,,,,,,,,,,,,,,,,,,,,,,,,,,,,
Vishalâ,1970-01-01 00:28:32.767666112+00:00,,False,False,,,your_instagram_activity/messages/inbox/vishal_17944899410785945/photos/436259059_1823728784757610_5882345167772338231_n_1823728781424277.jpg,1970-01-01 00:00:01.712767665+00:00,,,,,,,,,,,,,,,,,,,c707afd5109d85fc0f4eab3f4b356d6a,1970,1,1,3,0,1970.0,1.0,1.0,3.0,0.0,,,,,,,,,,,,,,,,,,,,,,,,,,,,,,,,,,,,,,,,
Vishalâ,1970-01-01 00:28:32.685138098+00:00,Ok broð,False,False,,,,,,,,,,,,,,,,,,,,,,,9d0b6e9e43d73eb68dce0b0ed3478c93,1970,1,1,3,0,,,,,,,,,,,,,,,,,,,,,,,,,,,,,,,,,,,,,,,,,,,,,
ððªð§ðª,1970-01-01 00:28:32.685047038+00:00,Athu details terla bro,False,False,,,,,,,,,,,,,,,,,,,,,,,3ded5b06d7feaf5bb8fbc8bf4676929d,1970,1,1,3,0,,,,,,,,,,,,,,,,,,,,,,,,,,,,,,,,,,,,,,,,,,,,,
ððªð§ðª,1970-01-01 00:28:32.685037283+00:00,Bro total aa 1500 aachi bro frd tha eduthaa,False,False,,,,,,,,,,,,,,,,,,,,,,,ac9d7172b185603434d9fdbf8166eec9,1970,1,1,3,0,,,,,,,,,,,,,,,,,,,,,,,,,,,,,,,,,,,,,,,,,,,,,
Vishalâ,1970-01-01 00:28:32.682639246+00:00,Ithu,False,False,,,,,,,,,,,,,,,,,,,,,,,6c61f5367a7c4bd53fac090da8b011bc,1970,1,1,3,0,,,,,,,,,,,,,,,,,,,,,,,,,,,,,,,,,,,,,,,,,,,,,
Vishalâ,1970-01-01 00:28:32.682637717+00:00,,False,False,,,your_instagram_activity/messages/inbox/vishal_17944899410785945/photos/435539988_231897663344410_1985287844064146197_n_801179004676214,,,,,,,,,,,,,,,,,,,,946423ceea9932daccc0e77e7c4fdf07,1970,1,1,3,0,,,,,,,,,,,,,,,,,,,,,,,,,,,,,,,,,,,,,,,,,,,,,
ððªð§ðª,1970-01-01 00:28:32.682538362+00:00,340 broo,False,False,,,,,,,,,,,,,,,,,,,,,,,47d22919ea1bf10f2d8dde8cbe204dee,1970,1,1,3,0,,,,,,,,,,,,,,,,,,,,,,,,,,,,,,,,,,,,,,,,,,,,,
Vishalâ,1970-01-01 00:28:32.682387055+00:00,Antha free 105km ennathu bro?,False,False,,,,,,,,,,,,,,,,,,,,,,,390ad295a6b9b3cbb0e2bce68081b790,1970,1,1,3,0,,,,,,,,,,,,,,,,,,,,,,,,,,,,,,,,,,,,,,,,,,,,,
Vishalâ,1970-01-01 00:28:32.682378473+00:00,,False,False,,,your_instagram_activity/messages/inbox/vishal_17944899410785945/photos/435427677_720792753468121_5745792556357075941_n_720792746801455.jpg,1970-01-01 00:00:01.712682377+00:00,,,,,,,,,,,,,,,,,,,b487296c9c61eee3b983d03f2ed22c79,1970,1,1,3,0,1970.0,1.0,1.0,3.0,0.0,,,,,,,,,,,,,,,,,,,,,,,,,,,,,,,,,,,,,,,,
Vishalâ,1970-01-01 00:28:32.678465324+00:00,à®®à¯à®à¯à®à¯ à®µà®¿à®°à¯à®®à¯à®ªà®¿à®¯à¯à®³à¯à®³à®¾à®°à¯,False,False,,,,,,,,,,,,,,,,,,,,,,,03df98b0c8f3e8cc63feab594c674360,1970,1,1,3,0,,,,,,,,,,,,,,,,,,,,,,,,,,,,,,,,,,,,,,,,,,,,,
ððªð§ðª,1970-01-01 00:28:32.675027426+00:00,Adukamparai,False,False,â¤,Vishalâ,,,,,,1970-01-01 00:00:01.712678465+00:00,,,,,,,,,,,,,,,954b0d5a10203d880b84d6904cde7bc3,1970,1,1,3,0,,,,,,1970.0,1.0,1.0,3.0,0.0,,,,,,,,,,,,,,,,,,,,,,,,,,,,,,,,,,,
Vishalâ,1970-01-01 00:28:32.674946999+00:00,Car enga poi edukanum bro?,False,False,,,,,,,,,,,,,,,,,,,,,,,85c7af5e9305fbe9bf62bae848320203,1970,1,1,3,0,,,,,,,,,,,,,,,,,,,,,,,,,,,,,,,,,,,,,,,,,,,,,
ððªð§ðª,1970-01-01 00:28:32.674921092+00:00,Wow cars app laa book pannuu broo,False,False,,,,,,,,,,,,,,,,,,,,,,,5a9285468c91518aa535de833eb96f50,1970,1,1,3,0,,,,,,,,,,,,,,,,,,,,,,,,,,,,,,,,,,,,,,,,,,,,,
Vishalâ,1970-01-01 00:28:32.665376864+00:00,Per day va?,False,False,,,,,,,,,,,,,,,,,,,,,,,b40dfc89939d28b9b0e53d59f73c6926,1970,1,1,3,0,,,,,,,,,,,,,,,,,,,,,,,,,,,,,,,,,,,,,,,,,,,,,
ððªð§ðª,1970-01-01 00:28:32.665176280+00:00,1500 broo,False,False,,,,,,,,,,,,,,,,,,,,,,,a37970a93e8c1c433f8efc424901a05f,1970,1,1,3,0,,,,,,,,,,,,,,,,,,,,,,,,,,,,,,,,,,,,,,,,,,,,,
Vishalâ,1970-01-01 00:28:32.662416974+00:00,Evlo bro achu rent ku??,False,False,,,,,https://instagram.com/stories/gx._.lee/3342353283209134128,,,,,,,,,,,,,,,,,,3c87c0196c796b5de4c053e3dc80335c,1970,1,1,3,0,,,,,,,,,,,,,,,,,,,,,,,,,,,,,,,,,,,,,,,,,,,,,
Vishalâ,1970-01-01 00:28:29.114218270+00:00,,False,False,,,your_instagram_activity/messages/inbox/vishal_17944899410785945/photos/429308254_1777357619433597_2209879469803448190_n_1777357616100264.jpg,1970-01-01 00:00:01.709114163+00:00,,,,,your_instagram_activity/messages/inbox/vishal_17944899410785945/photos/429854257_946024690368886_3045284397318068431_n_946024687035553.jpg,1970-01-01 00:00:01.709114165+00:00,your_instagram_activity/messages/inbox/vishal_17944899410785945/photos/429594634_754762189940646_7606488031652896207_n_754762186607313.jpg,1970-01-01 00:00:01.709114166+00:00,your_instagram_activity/messages/inbox/vishal_17944899410785945/photos/429041992_1106023864045914_5373203861597826979_n_1106023860712581.jpg,1970-01-01 00:00:01.709114167+00:00,your_instagram_activity/messages/inbox/vishal_17944899410785945/photos/429797287_1569695197138716_3085357709310712394_n_1569695193805383.jpg,1970-01-01 00:00:01.709114167+00:00,your_instagram_activity/messages/inbox/vishal_17944899410785945/photos/429611704_322120670371916_383326184858981649_n_322120663705250.jpg,1970-01-01 00:00:01.709114215+00:00,your_instagram_activity/messages/inbox/vishal_17944899410785945/photos/429305700_729799692591890_614406351240826749_n_1837071206724560.jpg,1970-01-01 00:00:01.709114217+00:00,your_instagram_activity/messages/inbox/vishal_17944899410785945/videos/10000000_7181435041932546_3246563122455315327_n_1611339536131215.mp4,1970-01-01 00:00:01.709114189+00:00,e3b986ae1091f3abfb391ebdd5b72bce,1970,1,1,3,0,1970.0,1.0,1.0,3.0,0.0,,,,,,1970.0,1.0,1.0,3.0,0.0,1970.0,1.0,1.0,3.0,0.0,1970.0,1.0,1.0,3.0,0.0,1970.0,1.0,1.0,3.0,0.0,1970.0,1.0,1.0,3.0,0.0,1970.0,1.0,1.0,3.0,0.0,1970.0,1.0,1.0,3.0,0.0
ððªð§ðª,1970-01-01 00:28:29.106345010+00:00,M,False,False,,,,,,,,,,,,,,,,,,,,,,,7569b56c45c44d2351ae33185d03fe23,1970,1,1,3,0,,,,,,,,,,,,,,,,,,,,,,,,,,,,,,,,,,,,,,,,,,,,,
Vishalâ,1970-01-01 00:28:29.104584700+00:00,Illa,False,False,,,,,,,,,,,,,,,,,,,,,,,03f0121f832c2441d7135853a92c60d1,1970,1,1,3,0,,,,,,,,,,,,,,,,,,,,,,,,,,,,,,,,,,,,,,,,,,,,,
ððªð§ðª,1970-01-01 00:28:29.104566874+00:00,Photage irukaaa,False,False,,,,,,,,,,,,,,,,,,,,,,,77c213ff6ee581141e4cc1b6e6ff5e22,1970,1,1,3,0,,,,,,,,,,,,,,,,,,,,,,,,,,,,,,,,,,,,,,,,,,,,,
Vishalâ,1970-01-01 00:28:29.104557668+00:00,Ungalala poda mudiyuathuu,False,False,,,,,,,,,,,,,,,,,,,,,,,114c89366a4e9a879a99dde0b839d658,1970,1,1,3,0,,,,,,,,,,,,,,,,,,,,,,,,,,,,,,,,,,,,,,,,,,,,,
Vishalâ,1970-01-01 00:28:29.104545509+00:00,,False,False,,,,,https://instagram.com/stories/vishaaleh/3312517296660672969,,,,,,,,,,,,,,,,,,2e9fae16604618668c28569f9f9b2c31,1970,1,1,3,0,,,,,,,,,,,,,,,,,,,,,,,,,,,,,,,,,,,,,,,,,,,,,
ððªð§ðª,1970-01-01 00:28:29.104545245+00:00,ð,False,False,,,,,,,,,,,,,,,,,,,,,,,f2e115beb0f6cdd9a0392df159111677,1970,1,1,3,0,,,,,,,,,,,,,,,,,,,,,,,,,,,,,,,,,,,,,,,,,,,,,
Vishalâ,1970-01-01 00:28:29.104534312+00:00,Naney tag panathu than bro potenð,False,False,,,,,,,,,,,,,,,,,,,,,,,df12083aebb12130059bbf0bd36048b2,1970,1,1,3,0,,,,,,,,,,,,,,,,,,,,,,,,,,,,,,,,,,,,,,,,,,,,,
ððªð§ðª,1970-01-01 00:28:29.104507151+00:00,Tag pannu bro,False,False,,,,,https://instagram.com/stories/vishaaleh/3312517296660672969,,,,,,,,,,,,,,,,,,96ef8f9c78506b3e73702b631be93998,1970,1,1,3,0,,,,,,,,,,,,,,,,,,,,,,,,,,,,,,,,,,,,,,,,,,,,,
