sender_name,timestamp_ms,content,is_geoblocked_for_viewer,is_unsent_image_by_messenger_kid_parent,reactions_0_reaction,reactions_0_actor,reactions_0_timestamp,call_duration,share_link,share_share_text,share_original_content_owner,photos_0_uri,photos_0_creation_timestamp,unique_id,timestamp_ms_year,timestamp_ms_month,timestamp_ms_day,timestamp_ms_weekday,timestamp_ms_hour,reactions_0_timestamp_year,reactions_0_timestamp_month,reactions_0_timestamp_day,reactions_0_timestamp_weekday,reactions_0_timestamp_hour,photos_0_creation_timestamp_year,photos_0_creation_timestamp_month,photos_0_creation_timestamp_day,photos_0_creation_timestamp_weekday,photos_0_creation_timestamp_hour
ððªð§ðª,1970-01-01 00:28:13.163504587+00:00,,False,False,,,,,,,,,,acf71a2f4c26abb5a3aac9b3a4bcab78,1970,1,1,3,0,,,,,,,,,,
ððªð§ðª,1970-01-01 00:28:13.163504409+00:00,,False,False,,,,,,,,,,98a17aebb7fc1aa57bce8a229aa24712,1970,1,1,3,0,,,,,,,,,,
ðð©ðªð¯ð¦ð´ð© ð§¡,1970-01-01 00:28:13.163487145+00:00,,False,False,â¤ï¸,ððªð§ðª,1970-01-01 00:00:01.693163489+00:00,,,,,,,6edebb27e954add9bf22864c6ef5577f,1970,1,1,3,0,1970.0,1.0,1.0,3.0,0.0,,,,,
ðð©ðªð¯ð¦ð´ð© ð§¡,1970-01-01 00:28:13.163475825+00:00,,False,False,â¤ï¸,ððªð§ðª,1970-01-01 00:00:01.693163488+00:00,,,,,,,e4567c41392cdabb43ffc292abeb6749,1970,1,1,3,0,1970.0,1.0,1.0,3.0,0.0,,,,,
ððªð§ðª,1970-01-01 00:27:44.975438299+00:00,,False,False,,,,0.0,,,,,,f4eaf210249b16f76815f0c62753b4bc,1970,1,1,3,0,,,,,,,,,,
ððªð§ðª,1970-01-01 00:27:44.975429217+00:00,,False,False,,,,,,,,,,c01cf544829ecd8f3e6bf7ec5511aeac,1970,1,1,3,0,,,,,,,,,,
ðð©ðªð¯ð¦ð´ð© ð§¡,1970-01-01 00:27:44.975009513+00:00,,False,False,,,,,,,,,,e8f824a7635ebc69368eb2dd39933f7f,1970,1,1,3,0,,,,,,,,,,
ðð©ðªð¯ð¦ð´ð© ð§¡,1970-01-01 00:27:44.974991354+00:00,,False,False,,,,,,,,,,bd294df0a16c7bc69b1f3419bd070537,1970,1,1,3,0,,,,,,,,,,
ððªð§ðª,1970-01-01 00:27:44.969106542+00:00,,False,False,,,,,,,,,,20bf077e63866aa61defb45e86cc3dd6,1970,1,1,3,0,,,,,,,,,,
ðð©ðªð¯ð¦ð´ð© ð§¡,1970-01-01 00:27:42.476162906+00:00,,False,False,,,,,,,,,,3c67a8980cec64664a1d1a5991bc50be,1970,1,1,3,0,,,,,,,,,,
ððªð§ðª,1970-01-01 00:27:42.476133983+00:00,,False,False,ð¹,ðð©ðªð¯ð¦ð´ð© ð§¡,1970-01-01 00:00:01.662476162+00:00,,https://www.instagram.com/reel/Chzp5vlBdHM/?id=2914857671842976204_50670615282,"Tag your friends ð
.
.
THANKYOU 7MILLION VIEWSâ¥ï¸
:
:
:
#friendship #memesofmcas #mcas #college #collegelife #collegememes",memes.of.mcas,,,8b73f599bd6b859df8c2e0613d168415,1970,1,1,3,0,1970.0,1.0,1.0,3.0,0.0,,,,,
ðð©ðªð¯ð¦ð´ð© ð§¡,1970-01-01 00:27:41.942750638+00:00,,False,False,,,,,https://www.instagram.com/tv/Ch6IUDZgnZo/?id=2916680271086646888_3259769143,C2C ð,rappervasanth,,,2d32a5daadf6c686ca9e4c0afeb55b29,1970,1,1,3,0,,,,,,,,,,
ðð©ðªð¯ð¦ð´ð© ð§¡,1970-01-01 00:27:41.589414898+00:00,,False,False,,,,,https://www.instagram.com/p/ChwPgK-qMA0/,"#Breaking | à®ªà¯à®±à®¿à®¯à®¿à®¯à®²à¯ à®ªà¯à®¤à¯à®ªà¯à®ªà®¿à®°à®¿à®µà¯ à®à®²à®¨à¯à®¤à®¾à®¯à¯à®µà¯ à®¤à¯à®¤à®¿à®à®³à¯ à®à®±à®¿à®µà®¿à®ªà¯à®ªà¯! 

#SunNews | #Ponmudi | #EngineeingCounselling | #TNStudents",sunnews,,,402a344964b37fb93db36b55e31077d7,1970,1,1,3,0,,,,,,,,,,
ðð©ðªð¯ð¦ð´ð© ð§¡,1970-01-01 00:27:41.586582394+00:00,,False,False,,,,,,,,,,d1e434d8d3f46945a65de3c8cbff6faa,1970,1,1,3,0,,,,,,,,,,
ðð©ðªð¯ð¦ð´ð© ð§¡,1970-01-01 00:27:41.586573697+00:00,,False,False,,,,,,,,,,82b3dbcbd0462497b37ec00cc66be87d,1970,1,1,3,0,,,,,,,,,,
ðð©ðªð¯ð¦ð´ð© ð§¡,1970-01-01 00:27:41.453383307+00:00,,False,False,,,,,https://www.instagram.com/reel/CeeW37ag1n0/?id=2854819814189521396_52819845125,"vadivelu balaji funððð
.
.
.
.
.
.
.
#kpychampions 
#vijaytvpugazh
#comedy 
#instareels 
#instagramreel 
#kpybala 
#manimagalai 
#hussainmanimegalai 
#cwc3 
#vijaytelevision",_jalabulajangu_,,,82b889c54402c89993e19a61879dd2ff,1970,1,1,3,0,,,,,,,,,,
ðð©ðªð¯ð¦ð´ð© ð§¡,1970-01-01 00:27:41.428028972+00:00,,False,False,,,,,https://www.instagram.com/reel/ChmU0OHJeyX/?id=2911105758636928151_53601002692,"Pink was a curse to boys ð

@meme404.mj 

#viruman #thirichitrambalam #vikram#tamilreel #tamilreels #funnyreels #danush#cobra",heisen.bhai.ger,,,ec38884f365b5c711a7711e62e87394a,1970,1,1,3,0,,,,,,,,,,
ððªð§ðª,1970-01-01 00:27:41.425019267+00:00,,False,False,,,,,,,,,,649717e46b7fdeaac507176d51f95cdf,1970,1,1,3,0,,,,,,,,,,
ðð©ðªð¯ð¦ð´ð© ð§¡,1970-01-01 00:27:41.424409518+00:00,,False,False,,,,,https://www.instagram.com/reel/ChMsZEzATqx/?id=2903891096931220145_50247289590,"Whamen detected.. Opinion rejected ð¤£

#reelvideo #tamizhatamizha #chocoboy #ruggedboys #instagramreelsindia #instadaily #reelreactions #reels #reel #reeloftheday #opinion",thebiriyaniman,,,f48bfe03d5ffc6db0fea68540f2c83f9,1970,1,1,3,0,,,,,,,,,,
ðð©ðªð¯ð¦ð´ð© ð§¡,1970-01-01 00:27:41.279452953+00:00,,False,False,â¤ï¸,ððªð§ðª,1970-01-01 00:00:01.661307879+00:00,,,,,,,8af1a8b18c2f6b240962254fc6b25df5,1970,1,1,3,0,1970.0,1.0,1.0,3.0,0.0,,,,,
ðð©ðªð¯ð¦ð´ð© ð§¡,1970-01-01 00:27:41.155961507+00:00,,False,False,,,,,,,,,,6a896b9cdef6fdc45060e7bed9015814,1970,1,1,3,0,,,,,,,,,,
ððªð§ðª,1970-01-01 00:27:41.155948716+00:00,,False,False,ð,ðð©ðªð¯ð¦ð´ð© ð§¡,1970-01-01 00:00:01.661155961+00:00,,,,,,,dfec02fce1ca7256a0185d82fbc0ca88,1970,1,1,3,0,1970.0,1.0,1.0,3.0,0.0,,,,,
ðð©ðªð¯ð¦ð´ð© ð§¡,1970-01-01 00:27:41.155932296+00:00,,False,False,,,,,,,,,,69dc35ff751aee12c4d6c0af87333a41,1970,1,1,3,0,,,,,,,,,,
ððªð§ðª,1970-01-01 00:27:41.155901775+00:00,,False,False,,,,,,,,,,93b40d6540a9f6ac18bf625093003651,1970,1,1,3,0,,,,,,,,,,
ðð©ðªð¯ð¦ð´ð© ð§¡,1970-01-01 00:27:41.155882922+00:00,,False,False,,,,,,,,,,35f6557756fc4d506b2eef7f134efd20,1970,1,1,3,0,,,,,,,,,,
ððªð§ðª,1970-01-01 00:27:41.155845545+00:00,,False,False,,,,,,,,,,1cb7cf5905589067c42ddcd82c988d2b,1970,1,1,3,0,,,,,,,,,,
ðð©ðªð¯ð¦ð´ð© ð§¡,1970-01-01 00:27:41.155826431+00:00,,False,False,,,,,,,,,,3c5dd907afc1642371fb67e146e52391,1970,1,1,3,0,,,,,,,,,,
ðð©ðªð¯ð¦ð´ð© ð§¡,1970-01-01 00:27:41.155823817+00:00,,False,False,,,,,,,,,,df6b7cdd4d20d361b8d0872333961929,1970,1,1,3,0,,,,,,,,,,
ððªð§ðª,1970-01-01 00:27:41.151903+00:00,,False,False,,,,,,,,,,606e5a7d8a1423b2b4ac924be8933407,1970,1,1,3,0,,,,,,,,,,
ððªð§ðª,1970-01-01 00:27:41.151809230+00:00,,False,False,,,,,,,,,,3377e5cd0e139435e35bd69d7f7c10ea,1970,1,1,3,0,,,,,,,,,,
ðð©ðªð¯ð¦ð´ð© ð§¡,1970-01-01 00:27:41.148279979+00:00,,False,False,,,,,,,,,,882fdeada97416755207a85387a4e7b3,1970,1,1,3,0,,,,,,,,,,
ðð©ðªð¯ð¦ð´ð© ð§¡,1970-01-01 00:27:41.148257766+00:00,,False,False,,,,,,,,,,20afb7116e692063190732cab1a889e7,1970,1,1,3,0,,,,,,,,,,
ððªð§ðª,1970-01-01 00:27:41.002187733+00:00,,False,False,,,,,https://www.instagram.com/reel/ChM-DMIp3sq/?id=2903968757819341610_32882021220,"ðdei dei... @veera_baahu_memes

#tamilreels

#reelstamil #reelstamilsong

#reelstamilsong

#reelstagram #tamilviralreels #viralreel

#reels

#reelstamilnadu

#tamiltrendingmemes #tamiltrendingreels

#viralreclstamil #reelsviral

#reelsviralvideo""

#tamilreel

#reel

#reeltamil less",veera_baahu_memes,,,114b8466bd7bc87142b8c4fa9f26a28d,1970,1,1,3,0,,,,,,,,,,
ððªð§ðª,1970-01-01 00:27:40.960970066+00:00,,False,False,,,,,,,,,,9eb0e1f2757c3ece40d42a793bc29c32,1970,1,1,3,0,,,,,,,,,,
ððªð§ðª,1970-01-01 00:27:40.960964565+00:00,,False,False,,,,,,,,,,c5a8d130d47e7a916e3f9e32b0621e12,1970,1,1,3,0,,,,,,,,,,
ðð©ðªð¯ð¦ð´ð© ð§¡,1970-01-01 00:27:40.929776349+00:00,,False,False,,,,,,,,,,0c38b90f6150e8c3fbecfcc001759eb1,1970,1,1,3,0,,,,,,,,,,
ðð©ðªð¯ð¦ð´ð© ð§¡,1970-01-01 00:27:40.929768278+00:00,,False,False,,,,,,,,,,ebd086ca7a74a62815b0eeaaf7e18918,1970,1,1,3,0,,,,,,,,,,
ðð©ðªð¯ð¦ð´ð© ð§¡,1970-01-01 00:27:40.929754964+00:00,,False,False,,,,,,,,,,e05218c0b972747a3dd902101eb1b61a,1970,1,1,3,0,,,,,,,,,,
ðð©ðªð¯ð¦ð´ð© ð§¡,1970-01-01 00:27:40.750211595+00:00,,False,False,â¤ï¸,ððªð§ðª,1970-01-01 00:00:01.660790965+00:00,,https://www.instagram.com/reel/ChXUx0dphlx/?id=2906883469007526257_1421510107,Think before dropping a plan ð Tag those friends â¤ï¸ #reels #comedy #friends #feelkaroreelkaro,wils_pat,,,62f578bf6e61cb4a9b2a6159d51ed37e,1970,1,1,3,0,1970.0,1.0,1.0,3.0,0.0,,,,,
ðð©ðªð¯ð¦ð´ð© ð§¡,1970-01-01 00:27:40.704154556+00:00,,False,False,â¤ï¸,ððªð§ðª,1970-01-01 00:00:01.660705242+00:00,,https://www.instagram.com/reel/CgswAtOpXS4/?id=2894899815289025720_53181363319,"Best Entry In Kollywoodð¥
Best Fanboy Sambavamð«â¤ï¸
.
.
#kamal #kamalhaasan #kamalhassan #quotes #universalhero #aandavar #vishwaroopam #lokeshkanagaraj #anirudh #vikram",sarvamum_kamal,,,9e55adcb9a45a0bc7f9c545752afdb2c,1970,1,1,3,0,1970.0,1.0,1.0,3.0,0.0,,,,,
ðð©ðªð¯ð¦ð´ð© ð§¡,1970-01-01 00:27:40.669874769+00:00,,False,False,,,,,,,,,,c699b79538bda54e2c8268ad0eb6b6de,1970,1,1,3,0,,,,,,,,,,
ððªð§ðª,1970-01-01 00:27:40.669850790+00:00,,False,False,ð,ðð©ðªð¯ð¦ð´ð© ð§¡,1970-01-01 00:00:01.660669874+00:00,,https://www.instagram.com/p/ChHycFpv-Z9/,"ð¤©â¨|BHOOT AND FRIENDS|
.
.
.
.
.
.
.
.
#strangerthings #bhootandfriends #nostalgia #cartoonnetwork #cringememes #tamilcinema #hindisongs #tamilsongs #thiyagarajankumararaja #yuvanshankarraja #gauthamvasudevmenon #myskkin #gtavicecity #love #chilldhoodunplugged",do.like.shit,,,ac2f8cec2aed0361def79367cccdcb69,1970,1,1,3,0,1970.0,1.0,1.0,3.0,0.0,,,,,
ðð©ðªð¯ð¦ð´ð© ð§¡,1970-01-01 00:27:40.669749784+00:00,,False,False,â¤ï¸,ððªð§ðª,1970-01-01 00:00:01.660669754+00:00,,,,,,,80072fcce55c02990770e4a64ef9587c,1970,1,1,3,0,1970.0,1.0,1.0,3.0,0.0,,,,,
ððªð§ðª,1970-01-01 00:27:40.669738656+00:00,,False,False,,,,,,,,,,71303453e789702d67f58714a90ae0f2,1970,1,1,3,0,,,,,,,,,,
ððªð§ðª,1970-01-01 00:27:40.669729896+00:00,,False,False,,,,,,,,,,ebe126344af230fb2d13bb9cfb582e3f,1970,1,1,3,0,,,,,,,,,,
ðð©ðªð¯ð¦ð´ð© ð§¡,1970-01-01 00:27:40.669725966+00:00,,False,False,,,,,,,,,,19ce2d5fc16d36ebcbbf58ac8008856b,1970,1,1,3,0,,,,,,,,,,
ðð©ðªð¯ð¦ð´ð© ð§¡,1970-01-01 00:27:40.669717774+00:00,,False,False,,,,,,,,,,9e9db8dde41fecf107b71230ca719675,1970,1,1,3,0,,,,,,,,,,
ððªð§ðª,1970-01-01 00:27:40.669696567+00:00,,False,False,,,,,,,,,,9b8a85f81f7801079e6ddfc723dcb220,1970,1,1,3,0,,,,,,,,,,
ðð©ðªð¯ð¦ð´ð© ð§¡,1970-01-01 00:27:40.669687038+00:00,,False,False,,,,,,,,,,f628e098767f83e5ea07d37ef8edb445,1970,1,1,3,0,,,,,,,,,,
ððªð§ðª,1970-01-01 00:27:40.669678076+00:00,,False,False,,,,,,,,,,7edb8d0f3c94813bbf8d453ed6df3169,1970,1,1,3,0,,,,,,,,,,
ðð©ðªð¯ð¦ð´ð© ð§¡,1970-01-01 00:27:40.669676011+00:00,,False,False,,,,,,,,,,3a878fb3da1ab3d51ee6f73422898a69,1970,1,1,3,0,,,,,,,,,,
ððªð§ðª,1970-01-01 00:27:40.669645644+00:00,,False,False,,,,,,,,,,382da4083d2f5dc555f34a34c951c994,1970,1,1,3,0,,,,,,,,,,
ðð©ðªð¯ð¦ð´ð© ð§¡,1970-01-01 00:27:40.669631558+00:00,,False,False,,,,,,,,,,b0f0594dff9ca5077b283969cdebcc6f,1970,1,1,3,0,,,,,,,,,,
ððªð§ðª,1970-01-01 00:27:40.669599832+00:00,,False,False,,,,,,,,,,45c127af13b2b2b32dc16d6537558499,1970,1,1,3,0,,,,,,,,,,
ðð©ðªð¯ð¦ð´ð© ð§¡,1970-01-01 00:27:40.669576+00:00,,False,False,,,,,,,,,,e9cfb94de428e435d5d9505a24335175,1970,1,1,3,0,,,,,,,,,,
ððªð§ðª,1970-01-01 00:27:40.669563112+00:00,,False,False,,,,,,,,,,b633babd5a656b49b9a05cc4a6729924,1970,1,1,3,0,,,,,,,,,,
ððªð§ðª,1970-01-01 00:27:40.669556504+00:00,,False,False,,,,,,,,,,ca31960b891b2c959165af7b13a9f9ba,1970,1,1,3,0,,,,,,,,,,
ððªð§ðª,1970-01-01 00:27:40.669538498+00:00,,False,False,,,,,,,,,,5edfae5defb235826e3fe1ccef2dde3c,1970,1,1,3,0,,,,,,,,,,
ðð©ðªð¯ð¦ð´ð© ð§¡,1970-01-01 00:27:40.669528580+00:00,,False,False,,,,,,,,,,df5cc3339eb22c4112cfa5d965ff4d4d,1970,1,1,3,0,,,,,,,,,,
ððªð§ðª,1970-01-01 00:27:40.669515852+00:00,,False,False,,,,,,,,,,c1e7c64c5f09fddb8d17d48626dfeb62,1970,1,1,3,0,,,,,,,,,,
ðð©ðªð¯ð¦ð´ð© ð§¡,1970-01-01 00:27:40.669509012+00:00,,False,False,,,,,,,,,,3ffd5da654a1ffc6748049a14fb273ef,1970,1,1,3,0,,,,,,,,,,
ðð©ðªð¯ð¦ð´ð© ð§¡,1970-01-01 00:27:40.669503002+00:00,,False,False,,,,,,,,,,a6b2361ad42ad1ffaaae745be0ef45d4,1970,1,1,3,0,,,,,,,,,,
ðð©ðªð¯ð¦ð´ð© ð§¡,1970-01-01 00:27:40.669497198+00:00,,False,False,,,,,,,,,,423fa72b52b352eea140b46a0b61db1c,1970,1,1,3,0,,,,,,,,,,
ðð©ðªð¯ð¦ð´ð© ð§¡,1970-01-01 00:27:40.669491246+00:00,,False,False,,,,,,,,,,8c717a46550fcd04ed56b9bd2918d8b4,1970,1,1,3,0,,,,,,,,,,
ððªð§ðª,1970-01-01 00:27:40.669482962+00:00,,False,False,,,,,,,,,,0344a2bc1dceb3b08ff6573b56c3d351,1970,1,1,3,0,,,,,,,,,,
ððªð§ðª,1970-01-01 00:27:40.669471599+00:00,,False,False,,,,,,,,,,51ec9cabe49e800fac36e823108811e7,1970,1,1,3,0,,,,,,,,,,
ðð©ðªð¯ð¦ð´ð© ð§¡,1970-01-01 00:27:40.669455538+00:00,,False,False,,,,,,,,,,a08d1d81a3cedb4af9231c24cea51498,1970,1,1,3,0,,,,,,,,,,
ððªð§ðª,1970-01-01 00:27:40.669449948+00:00,,False,False,,,,,,,,,,f1f3f85d1253f6a9b418a7f6f9d440d7,1970,1,1,3,0,,,,,,,,,,
ððªð§ðª,1970-01-01 00:27:40.669441637+00:00,,False,False,,,,,,,,,,e7e3a58b99b49abc69e60ee9023586dd,1970,1,1,3,0,,,,,,,,,,
ðð©ðªð¯ð¦ð´ð© ð§¡,1970-01-01 00:27:40.669435523+00:00,,False,False,,,,,,,,,,fa160ca6a905ef16e30c6b20f110f503,1970,1,1,3,0,,,,,,,,,,
ðð©ðªð¯ð¦ð´ð© ð§¡,1970-01-01 00:27:40.669400069+00:00,,False,False,,,,,,,,,,f4e36f85876866c29001ce0908468e7b,1970,1,1,3,0,,,,,,,,,,
ððªð§ðª,1970-01-01 00:27:40.669387969+00:00,,False,False,,,,,,,,,,464437fdd3020ba77d1f8695a7a2224c,1970,1,1,3,0,,,,,,,,,,
ðð©ðªð¯ð¦ð´ð© ð§¡,1970-01-01 00:27:40.669384355+00:00,,False,False,,,,,,,,,,67362f133393bf6003f2c8b9d222d78c,1970,1,1,3,0,,,,,,,,,,
ðð©ðªð¯ð¦ð´ð© ð§¡,1970-01-01 00:27:40.669377417+00:00,,False,False,,,,,,,,,,c8e71d594f795fe27be0ab9265f78f32,1970,1,1,3,0,,,,,,,,,,
ððªð§ðª,1970-01-01 00:27:40.669366526+00:00,,False,False,,,,,,,,,,0681b04cbdb91af8932e5576d7c99ec3,1970,1,1,3,0,,,,,,,,,,
ðð©ðªð¯ð¦ð´ð© ð§¡,1970-01-01 00:27:40.669364858+00:00,,False,False,,,,,,,,,,d2b23fc428fc518940a6fd101afcd153,1970,1,1,3,0,,,,,,,,,,
ððªð§ðª,1970-01-01 00:27:40.669345838+00:00,,False,False,,,,,,,,,,87d48d704179a0a15bbf909166827dc9,1970,1,1,3,0,,,,,,,,,,
ðð©ðªð¯ð¦ð´ð© ð§¡,1970-01-01 00:27:40.669314754+00:00,,False,False,,,,,,,,,,7b0c23f9018068a4c38e1ff96f3bed93,1970,1,1,3,0,,,,,,,,,,
ððªð§ðª,1970-01-01 00:27:40.669305521+00:00,,False,False,,,,,,,,,,3990f87328262e0a6f8e104871b3c0fb,1970,1,1,3,0,,,,,,,,,,
ðð©ðªð¯ð¦ð´ð© ð§¡,1970-01-01 00:27:40.669298029+00:00,,False,False,,,,,,,,,,52c5203308c1fc84f22de71d7ddf09cf,1970,1,1,3,0,,,,,,,,,,
ððªð§ðª,1970-01-01 00:27:40.669295194+00:00,,False,False,,,,,,,,,,356bd55caf817198290c24477317e7d7,1970,1,1,3,0,,,,,,,,,,
ðð©ðªð¯ð¦ð´ð© ð§¡,1970-01-01 00:27:40.669289330+00:00,,False,False,,,,,,,,,,72e73b8772d9a6391974738c37c6d06a,1970,1,1,3,0,,,,,,,,,,
ððªð§ðª,1970-01-01 00:27:40.669275513+00:00,,False,False,,,,,,,,,,e06b64ac7698e5c345e8a94dd73cd905,1970,1,1,3,0,,,,,,,,,,
ðð©ðªð¯ð¦ð´ð© ð§¡,1970-01-01 00:27:40.669268454+00:00,,False,False,,,,,,,,,,c19808813fa3b6d116a6ab59b8066716,1970,1,1,3,0,,,,,,,,,,
ððªð§ðª,1970-01-01 00:27:40.669263167+00:00,,False,False,,,,,,,,,,61cadaaad6b8ab8e3a959a10c76c53c1,1970,1,1,3,0,,,,,,,,,,
ððªð§ðª,1970-01-01 00:27:40.669248224+00:00,,False,False,,,,,,,,,,71df75ccd8dd80318f41cc891055bf2d,1970,1,1,3,0,,,,,,,,,,
ðð©ðªð¯ð¦ð´ð© ð§¡,1970-01-01 00:27:40.669236607+00:00,,False,False,,,,,,,,,,5c4cf9f83a90efadeabb2f344fe5e716,1970,1,1,3,0,,,,,,,,,,
ðð©ðªð¯ð¦ð´ð© ð§¡,1970-01-01 00:27:40.669220919+00:00,,False,False,,,,,,,,,,e05f19795d8bab544aebe8b57935358d,1970,1,1,3,0,,,,,,,,,,
ððªð§ðª,1970-01-01 00:27:40.669209555+00:00,,False,False,,,,,,,,,,121a940cd63736c42ceaaa4e3d7875f3,1970,1,1,3,0,,,,,,,,,,
ðð©ðªð¯ð¦ð´ð© ð§¡,1970-01-01 00:27:40.669199537+00:00,,False,False,,,,,,,,,,cf9f7b64c6da7430154e757f799f4c0d,1970,1,1,3,0,,,,,,,,,,
ðð©ðªð¯ð¦ð´ð© ð§¡,1970-01-01 00:27:40.669195345+00:00,,False,False,,,,,,,,,,bef03aa1c9493c9f9792d220f3a3356d,1970,1,1,3,0,,,,,,,,,,
ððªð§ðª,1970-01-01 00:27:40.669174356+00:00,,False,False,,,,,,,,,,ed3db187b43aaa6ca1bfd309396252d2,1970,1,1,3,0,,,,,,,,,,
ðð©ðªð¯ð¦ð´ð© ð§¡,1970-01-01 00:27:40.669161211+00:00,,False,False,,,,,,,,,,00e441ae322b1c4e8f87d69792b079c1,1970,1,1,3,0,,,,,,,,,,
ðð©ðªð¯ð¦ð´ð© ð§¡,1970-01-01 00:27:40.669151493+00:00,,False,False,,,,,,,,,,9f269ded8d95bc091bebebd1027373a7,1970,1,1,3,0,,,,,,,,,,
ððªð§ðª,1970-01-01 00:27:40.669146668+00:00,,False,False,,,,,,,,,,2db28d84483cb7beef341e303ba6150d,1970,1,1,3,0,,,,,,,,,,
ððªð§ðª,1970-01-01 00:27:40.669139141+00:00,,False,False,,,,,,,,,,aa5d6eeb8480a746c2ada40a86439fd3,1970,1,1,3,0,,,,,,,,,,
ðð©ðªð¯ð¦ð´ð© ð§¡,1970-01-01 00:27:40.669100860+00:00,,False,False,,,,,,,,,,298ee12f1aa5f7fe1df3e8a633a7b8a6,1970,1,1,3,0,,,,,,,,,,
ððªð§ðª,1970-01-01 00:27:40.669019060+00:00,,False,False,,,,,,,,,,c6aae5c451597d5404a6380e1bb3a9f8,1970,1,1,3,0,,,,,,,,,,
ððªð§ðª,1970-01-01 00:27:40.669016355+00:00,,False,False,,,,,,,,,,9b713bbccc871b09eef2602b5c81fe46,1970,1,1,3,0,,,,,,,,,,
ðð©ðªð¯ð¦ð´ð© ð§¡,1970-01-01 00:27:40.668989668+00:00,,False,False,,,,,,,,,,1c3571e8ed3c00fdc5edea006054c77b,1970,1,1,3,0,,,,,,,,,,
ðð©ðªð¯ð¦ð´ð© ð§¡,1970-01-01 00:27:40.668504168+00:00,,False,False,â¤ï¸,ððªð§ðª,1970-01-01 00:00:01.660668509+00:00,,,,,,,b115d3308794562452189dd4ec684ced,1970,1,1,3,0,1970.0,1.0,1.0,3.0,0.0,,,,,
ððªð§ðª,1970-01-01 00:27:40.668497407+00:00,,False,False,,,,,,,,,,b49fd1c23a87f1ae5f1d216e2be837b1,1970,1,1,3,0,,,,,,,,,,
ðð©ðªð¯ð¦ð´ð© ð§¡,1970-01-01 00:27:40.668486967+00:00,,False,False,,,,,,,,,,d8c977d5a250785e5d3fc3bd508cb87e,1970,1,1,3,0,,,,,,,,,,
ððªð§ðª,1970-01-01 00:27:40.668472457+00:00,,False,False,,,,,,,,,,b4a73fd9d1b453ad2dd7fa6311461fd5,1970,1,1,3,0,,,,,,,,,,
ðð©ðªð¯ð¦ð´ð© ð§¡,1970-01-01 00:27:40.668461417+00:00,,False,False,,,,,,,,,,ba9be702194f608f7f2207fc8f22197b,1970,1,1,3,0,,,,,,,,,,
ððªð§ðª,1970-01-01 00:27:40.668326442+00:00,,False,False,,,,,,,,,,358be432bf0c9123f3d89c5f49a284bb,1970,1,1,3,0,,,,,,,,,,
ðð©ðªð¯ð¦ð´ð© ð§¡,1970-01-01 00:27:40.668299680+00:00,,False,False,,,,,,,,,,f2071e824a59a046cc70c2c55c75c2f9,1970,1,1,3,0,,,,,,,,,,
ððªð§ðª,1970-01-01 00:27:40.668287689+00:00,,False,False,,,,,,,,,,3aa42c77c0b3d5da2969b5632bb8783e,1970,1,1,3,0,,,,,,,,,,
ðð©ðªð¯ð¦ð´ð© ð§¡,1970-01-01 00:27:40.668266283+00:00,,False,False,,,,,,,,,,88e0b7c7b6f33e705bd20fbda1258143,1970,1,1,3,0,,,,,,,,,,
ððªð§ðª,1970-01-01 00:27:40.668254253+00:00,,False,False,,,,,,,,,,4f183d13036f12a09626d99b90078ce6,1970,1,1,3,0,,,,,,,,,,
ðð©ðªð¯ð¦ð´ð© ð§¡,1970-01-01 00:27:40.668248506+00:00,,False,False,,,,,,,,,,d3d6b300d62cd9190f46258db3f0cc23,1970,1,1,3,0,,,,,,,,,,
ðð©ðªð¯ð¦ð´ð© ð§¡,1970-01-01 00:27:40.668242579+00:00,,False,False,,,,,,,,,,816f4cd3ed682333328d45e413a19e65,1970,1,1,3,0,,,,,,,,,,
ððªð§ðª,1970-01-01 00:27:40.657278404+00:00,,False,False,,,,,,,,,,a1fb56b940cf8875b6c5c65fc764154a,1970,1,1,3,0,,,,,,,,,,
ðð©ðªð¯ð¦ð´ð© ð§¡,1970-01-01 00:27:40.615657108+00:00,,False,False,â¤ï¸,ððªð§ðª,1970-01-01 00:00:01.660617210+00:00,,https://www.instagram.com/reel/CgXc-rVhrpF/?id=2888905138423380549_6880107866,"Expectation but Reality ðð¤£...
@alone_lvr_hk 
.
.
.
.
.
.
.
#pu4lyf #expectations #reality #travel #bustrip #passport #conducter #nothing #reelsinstagram #instalove #hotspots #likeme #smile #fun #enjoy #wifi #jio",alone_lvr_hk,,,ab9bf530742e4bcf7945f417258be7cd,1970,1,1,3,0,1970.0,1.0,1.0,3.0,0.0,,,,,
ðð©ðªð¯ð¦ð´ð© ð§¡,1970-01-01 00:27:40.612969917+00:00,,False,False,,,,,,,,,,d0186806be4010c7730e2d575827f13b,1970,1,1,3,0,,,,,,,,,,
ððªð§ðª,1970-01-01 00:27:40.580386391+00:00,,False,False,ð,ðð©ðªð¯ð¦ð´ð© ð§¡,1970-01-01 00:00:01.660612969+00:00,,https://www.instagram.com/p/ChSUGv_pXkN/,"Inna daddyð¤§ð¥²ð¥²
Â©zynth
~Sð",vera_level_memes,,,82df869c8673ba216fd8cd33e5b68114,1970,1,1,3,0,1970.0,1.0,1.0,3.0,0.0,,,,,
ðð©ðªð¯ð¦ð´ð© ð§¡,1970-01-01 00:27:40.558832312+00:00,,False,False,â¤ï¸,ððªð§ðª,1970-01-01 00:00:01.660561226+00:00,,https://www.instagram.com/p/ChL8i3jpvh7/,"Tag your gang ððð¤£
â¢follow @don_perro_memes 
@memes._.monkey

 

#cheems

#ajith 
#tamilsong 
#tamilnadufood 
#tamil 
#vijatv 
#vijaykanth 
#vijaydevarakonda 
** twiste uhh ð¥ð
ðð¥Fomllow amnd Support plmz ðð@don_perro_memes ð¤§ð

#ajith 
#tamilsong 
#tamilnadufood 
#tamil 
#vijatv 
#vijaykanth 
#vijaydevarakonda 
#vijaytv 
#tamilbgm 
#tamilbgm 
#tamilbeats 
#tamilcenima 
#tamizhatamizha 
#tamilsong 
#csktrolls 
#tamilboys 
#vijaythalapathy 
#thala 
#ajithfans 
#nayantharahot 
#nayanthara 
#semangat 
#seemantham #just_in_asho
#tamilpicsvids 
#tamilviral 
#tamilviral 
#tamilvideosongs 
#avengers
#ipltamil 
#msdhoni
#tamilbgm 
#tamilbgm 
#tamilbeats 
#tamilcenima 
#tamizhatamizha 
#justiceforpontharani
#tamilboys 
#vijaythalapathy 
#thala 
#ajithfans 
#nayantharahot 
#nayanthara

ð¥Fomllow amnd Support plmz ðð

#cheems

#ajith 
#tamilsong 
#tamilnadufood 
#tamil 
#vijatv 
#vijaykanth 
#vijaydevarakonda 

ðð¥Fomllow amnd Support plmz ðð @memes_monkeyð¯

#ajith 
#tamilsong 
#tamilnadufood 
#tamil 
#vijatv",don_perro_memes,,,f1471d663517d977146eec3d831afb86,1970,1,1,3,0,1970.0,1.0,1.0,3.0,0.0,,,,,
ðð©ðªð¯ð¦ð´ð© ð§¡,1970-01-01 00:27:40.383297365+00:00,,False,False,,,,,,,,,,d8bb16078384ffdb1f624a471fd72890,1970,1,1,3,0,,,,,,,,,,
ððªð§ðª,1970-01-01 00:27:40.380061073+00:00,,False,False,ð,ðð©ðªð¯ð¦ð´ð© ð§¡,1970-01-01 00:00:01.660383297+00:00,,,,,,,80af5e7047897138046202e75e729fa5,1970,1,1,3,0,1970.0,1.0,1.0,3.0,0.0,,,,,
ððªð§ðª,1970-01-01 00:27:40.276263429+00:00,,False,False,,,,,,,,,,926d0d57d2e4a426ae411161e0c523c9,1970,1,1,3,0,,,,,,,,,,
ððªð§ðª,1970-01-01 00:27:40.225416698+00:00,,False,False,,,,,https://www.instagram.com/p/ChGcaw9v6Uh/,"ð¤£ð¤£ð¤£
#magilzchið 
#vadivelumemes",vadivelumemes,,,de74be863fa760b70fea15102aa8063a,1970,1,1,3,0,,,,,,,,,,
ððªð§ðª,1970-01-01 00:27:40.133305446+00:00,,False,False,,,,,,,,,,4663424d8961af83ee39cdf160a78b02,1970,1,1,3,0,,,,,,,,,,
ððªð§ðª,1970-01-01 00:27:40.132886499+00:00,,False,False,,,,,https://www.instagram.com/p/ChB58EMBSW1/,ð¤£ð,trollsinglesadmin,,,4ee1d35a9620e2f05de2f4e7fa837d35,1970,1,1,3,0,,,,,,,,,,
ðð©ðªð¯ð¦ð´ð© ð§¡,1970-01-01 00:27:39.524611091+00:00,,False,False,,,,,,,,,,c3cc220d9f46a2f3dee549ae87f18008,1970,1,1,3,0,,,,,,,,,,
ðð©ðªð¯ð¦ð´ð© ð§¡,1970-01-01 00:27:39.524589271+00:00,,False,False,,,,,,,,,,a4e8b9b1bf2ae505da247265fe029497,1970,1,1,3,0,,,,,,,,,,
ðð©ðªð¯ð¦ð´ð© ð§¡,1970-01-01 00:27:39.524582746+00:00,,False,False,,,,,,,,,,cfffbb682ef28cbaa10bf457f1d3ef28,1970,1,1,3,0,,,,,,,,,,
ðð©ðªð¯ð¦ð´ð© ð§¡,1970-01-01 00:27:39.524574532+00:00,,False,False,,,,,,,,,,39683325027f3e182787461bb417a635,1970,1,1,3,0,,,,,,,,,,
ððªð§ðª,1970-01-01 00:27:39.510861502+00:00,,False,False,,,,,,,,,,6e6b9f4375e02513b6d9c20d14bcca39,1970,1,1,3,0,,,,,,,,,,
ððªð§ðª,1970-01-01 00:27:39.510835821+00:00,,False,False,,,,,,,,,,fcb66111fe0d0172938589be5cdf4af2,1970,1,1,3,0,,,,,,,,,,
ðð©ðªð¯ð¦ð´ð© ð§¡,1970-01-01 00:27:39.510720570+00:00,,False,False,,,,,,,,,,b53102efe5107db97fa5e5e9f1c2d43d,1970,1,1,3,0,,,,,,,,,,
ðð©ðªð¯ð¦ð´ð© ð§¡,1970-01-01 00:27:39.510678335+00:00,,False,False,,,,,,,,,,3d26708054997ec0eb92097f30687d66,1970,1,1,3,0,,,,,,,,,,
ðð©ðªð¯ð¦ð´ð© ð§¡,1970-01-01 00:27:39.337733720+00:00,,False,False,,,,,,,,,,eee47e927063a10ffabe4dd2d094b6c8,1970,1,1,3,0,,,,,,,,,,
ðð©ðªð¯ð¦ð´ð© ð§¡,1970-01-01 00:27:39.337730489+00:00,,False,False,,,,,,,,,,ed0ac3690bd00145a36ffeeb0832c132,1970,1,1,3,0,,,,,,,,,,
ðð©ðªð¯ð¦ð´ð© ð§¡,1970-01-01 00:27:39.337721308+00:00,,False,False,,,,,,,,,,6569162afb5a27816232959bfe5168e8,1970,1,1,3,0,,,,,,,,,,
ðð©ðªð¯ð¦ð´ð© ð§¡,1970-01-01 00:27:39.337711462+00:00,,False,False,,,,,,,,,,a89aaabb0b91d5d25920079f058ff07a,1970,1,1,3,0,,,,,,,,,,
ðð©ðªð¯ð¦ð´ð© ð§¡,1970-01-01 00:27:39.078493125+00:00,,False,False,â¤ï¸,ððªð§ðª,1970-01-01 00:00:01.659092526+00:00,,,,,,,70b0fb49474d7f772693b1c219f8195c,1970,1,1,3,0,1970.0,1.0,1.0,3.0,0.0,,,,,
ðð©ðªð¯ð¦ð´ð© ð§¡,1970-01-01 00:27:39.021465870+00:00,,False,False,,,,,,,,,,31934ef596722993a80585f8219df930,1970,1,1,3,0,,,,,,,,,,
ððªð§ðª,1970-01-01 00:27:39.020043349+00:00,,False,False,,,,,,,,,,28cfafd0cb81e889697f3d18e5a839e4,1970,1,1,3,0,,,,,,,,,,
ðð©ðªð¯ð¦ð´ð© ð§¡,1970-01-01 00:27:39.019963409+00:00,,False,False,,,,,,,,,,9d786382a2749e20c05e9ea7255b4671,1970,1,1,3,0,,,,,,,,,,
ðð©ðªð¯ð¦ð´ð© ð§¡,1970-01-01 00:27:39.019954267+00:00,,False,False,,,,,,,,,,0c8bbbfa309647816158fea26017bb2b,1970,1,1,3,0,,,,,,,,,,
ðð©ðªð¯ð¦ð´ð© ð§¡,1970-01-01 00:27:39.019942993+00:00,,False,False,,,,,,,,,,ab0955274431009a4a467704f9c8fc54,1970,1,1,3,0,,,,,,,,,,
ðð©ðªð¯ð¦ð´ð© ð§¡,1970-01-01 00:27:39.012557386+00:00,,False,False,,,,,,,,,,b8e5f0fd2658cfb2833540a13bcf6296,1970,1,1,3,0,,,,,,,,,,
ðð©ðªð¯ð¦ð´ð© ð§¡,1970-01-01 00:27:39.012548015+00:00,,False,False,,,,,,,,,,f514d0935c8020aa484705e45d0a7611,1970,1,1,3,0,,,,,,,,,,
ðð©ðªð¯ð¦ð´ð© ð§¡,1970-01-01 00:27:39.012544995+00:00,,False,False,,,,,,,,,,b21785f0f0f8e06a6a8f992248567d78,1970,1,1,3,0,,,,,,,,,,
ðð©ðªð¯ð¦ð´ð© ð§¡,1970-01-01 00:27:39.012521732+00:00,,False,False,,,,,,,,,,b82a4bcfd4e31bb2f663893b90faa26c,1970,1,1,3,0,,,,,,,,,,
ððªð§ðª,1970-01-01 00:27:39.012520313+00:00,,False,False,,,,,,,,,,430f50a040fe353f65fe185ec9b28e20,1970,1,1,3,0,,,,,,,,,,
ððªð§ðª,1970-01-01 00:27:39.012503003+00:00,,False,False,,,,,,,,,,dd2e37e900c5cfcee7174ba3713a36a6,1970,1,1,3,0,,,,,,,,,,
ðð©ðªð¯ð¦ð´ð© ð§¡,1970-01-01 00:27:39.012495247+00:00,,False,False,,,,,,,,,,89b9280e6d55c1b1670739982581c54d,1970,1,1,3,0,,,,,,,,,,
ððªð§ðª,1970-01-01 00:27:39.012456906+00:00,,False,False,ð¶,ðð©ðªð¯ð¦ð´ð© ð§¡,1970-01-01 00:00:01.659012495+00:00,,,,,,,205cca4459fd188f8425e77d6b3b4824,1970,1,1,3,0,1970.0,1.0,1.0,3.0,0.0,,,,,
ðð©ðªð¯ð¦ð´ð© ð§¡,1970-01-01 00:27:39.012453391+00:00,,False,False,,,,,,,,,,82aa5083e044a42e5bb1ee81bacd65f6,1970,1,1,3,0,,,,,,,,,,
ððªð§ðª,1970-01-01 00:27:39.012439696+00:00,,False,False,,,,,,,,,,85916c5e93bfe01b83090ef1abf5af6a,1970,1,1,3,0,,,,,,,,,,
ððªð§ðª,1970-01-01 00:27:39.012421790+00:00,,False,False,,,,,,,,,,ffa57b08fa1ac4eb5a22e399b0a088c0,1970,1,1,3,0,,,,,,,,,,
ððªð§ðª,1970-01-01 00:27:39.012408025+00:00,,False,False,,,,,,,,,,d644c12321cd4ccbe3172ac136567bcd,1970,1,1,3,0,,,,,,,,,,
ððªð§ðª,1970-01-01 00:27:39.012402084+00:00,,False,False,,,,,,,,,,a3690b4e5d54ad905f55d45d8785e218,1970,1,1,3,0,,,,,,,,,,
ðð©ðªð¯ð¦ð´ð© ð§¡,1970-01-01 00:27:39.012389865+00:00,,False,False,,,,,,,,,,cf5742a6f4f98af4f872e6241f7eedc9,1970,1,1,3,0,,,,,,,,,,
ðð©ðªð¯ð¦ð´ð© ð§¡,1970-01-01 00:27:39.012370183+00:00,,False,False,,,,,,,,,,40b579647fb15ea77134138d4b85971d,1970,1,1,3,0,,,,,,,,,,
ððªð§ðª,1970-01-01 00:27:39.012339622+00:00,,False,False,,,,,,,,,,a9cda1b66e595fa1d25b5cd25b6ad08c,1970,1,1,3,0,,,,,,,,,,
ðð©ðªð¯ð¦ð´ð© ð§¡,1970-01-01 00:27:39.012320458+00:00,,False,False,,,,,,,,,,2e5756d663e302f8b4ff19a0cd5d2ac5,1970,1,1,3,0,,,,,,,,,,
ððªð§ðª,1970-01-01 00:27:39.012304924+00:00,,False,False,,,,,,,,,,f94b55541b1784d17d25958ce6f684ff,1970,1,1,3,0,,,,,,,,,,
ððªð§ðª,1970-01-01 00:27:39.012290091+00:00,,False,False,,,,,,,,,,9d6541f8bd051f0fa30ad9262bc041a7,1970,1,1,3,0,,,,,,,,,,
ððªð§ðª,1970-01-01 00:27:39.012267808+00:00,,False,False,,,,,,,,,,102b12f4fe47789b661bf0fc9d23dbfd,1970,1,1,3,0,,,,,,,,,,
ððªð§ðª,1970-01-01 00:27:39.012260195+00:00,,False,False,,,,,,,,,,36907238db8dd17fc79093d5089b6834,1970,1,1,3,0,,,,,,,,,,
ðð©ðªð¯ð¦ð´ð© ð§¡,1970-01-01 00:27:39.012225918+00:00,,False,False,,,,,,,,,,855701b41b059598c05abdbdf5738e72,1970,1,1,3,0,,,,,,,,,,
ðð©ðªð¯ð¦ð´ð© ð§¡,1970-01-01 00:27:39.012197610+00:00,,False,False,â¤ï¸,ððªð§ðª,1970-01-01 00:00:01.659012200+00:00,,,,,,,0ef663d906bdb8cb97d6a06c19af3237,1970,1,1,3,0,1970.0,1.0,1.0,3.0,0.0,,,,,
ððªð§ðª,1970-01-01 00:27:39.012195298+00:00,,False,False,,,,,,,,,,36e17e757b5e5c629d935b8c3c3e880a,1970,1,1,3,0,,,,,,,,,,
ððªð§ðª,1970-01-01 00:27:39.012185767+00:00,,False,False,,,,,,,,,,79269a722de8b8db6f87c5f83b66fe86,1970,1,1,3,0,,,,,,,,,,
ðð©ðªð¯ð¦ð´ð© ð§¡,1970-01-01 00:27:39.012059286+00:00,,False,False,â¤ï¸,ððªð§ðª,1970-01-01 00:00:01.659012076+00:00,,,,,,,770eec0419f7ccdf473b9a09b753bb48,1970,1,1,3,0,1970.0,1.0,1.0,3.0,0.0,,,,,
ððªð§ðª,1970-01-01 00:27:39.011957875+00:00,,False,False,,,,,,,,,,2ae8f96a0e7916b758ebfceefb1fd998,1970,1,1,3,0,,,,,,,,,,
ðð©ðªð¯ð¦ð´ð© ð§¡,1970-01-01 00:27:39.010157591+00:00,,False,False,,,,,,,,,,8094ac48e791ce9a12ef34dd40c9819b,1970,1,1,3,0,,,,,,,,,,
ðð©ðªð¯ð¦ð´ð© ð§¡,1970-01-01 00:27:39.010147513+00:00,,False,False,,,,,,,,,,8dd3fcfe3ee99de592ca4eb28e91774d,1970,1,1,3,0,,,,,,,,,,
ðð©ðªð¯ð¦ð´ð© ð§¡,1970-01-01 00:27:39.002439565+00:00,,False,False,,,,,,,,,,e5273c776bfb5297678833b98ff3ed99,1970,1,1,3,0,,,,,,,,,,
ðð©ðªð¯ð¦ð´ð© ð§¡,1970-01-01 00:27:39.002322133+00:00,,False,False,,,,,,,,,,398ba99fc210401e15d88a69eff7029f,1970,1,1,3,0,,,,,,,,,,
ðð©ðªð¯ð¦ð´ð© ð§¡,1970-01-01 00:27:39.002110381+00:00,,False,False,,,,,,,,,,2cf6cb183b9dda9d39173a76673ee218,1970,1,1,3,0,,,,,,,,,,
ððªð§ðª,1970-01-01 00:27:38.927674038+00:00,,False,False,ð,ðð©ðªð¯ð¦ð´ð© ð§¡,1970-01-01 00:00:01.659002110+00:00,,,,,,,3ba4c7a201a980a3811e2e1aca8c7948,1970,1,1,3,0,1970.0,1.0,1.0,3.0,0.0,,,,,
ðð©ðªð¯ð¦ð´ð© ð§¡,1970-01-01 00:27:38.911340143+00:00,,False,False,,,,,,,,,,38a0871f811cdb53662c9c277636bbaa,1970,1,1,3,0,,,,,,,,,,
ðð©ðªð¯ð¦ð´ð© ð§¡,1970-01-01 00:27:38.911332232+00:00,,False,False,,,,,,,,,,4c397f21584c5670e6c98c07918d4de8,1970,1,1,3,0,,,,,,,,,,
ðð©ðªð¯ð¦ð´ð© ð§¡,1970-01-01 00:27:38.911325732+00:00,,False,False,,,,,,,,,,dd311b0655c1574e228fe8bd507631e6,1970,1,1,3,0,,,,,,,,,,
ðð©ðªð¯ð¦ð´ð© ð§¡,1970-01-01 00:27:38.911320898+00:00,,False,False,,,,,,,,,,d345006ecb48828f98ec523b3418538c,1970,1,1,3,0,,,,,,,,,,
ððªð§ðª,1970-01-01 00:27:38.910132878+00:00,,False,False,,,,,,,,,,d6f2069785b570a9b641955e1221d13d,1970,1,1,3,0,,,,,,,,,,
ðð©ðªð¯ð¦ð´ð© ð§¡,1970-01-01 00:27:38.909868138+00:00,,False,False,,,,,,,,,,af1c7620b68891910e341a21ee7a71b9,1970,1,1,3,0,,,,,,,,,,
ðð©ðªð¯ð¦ð´ð© ð§¡,1970-01-01 00:27:38.909857627+00:00,,False,False,,,,,,,,,,62e831829adae3ee673fe59925c22d12,1970,1,1,3,0,,,,,,,,,,
ððªð§ðª,1970-01-01 00:27:38.908971269+00:00,,False,False,,,,,,,,,,d4b98a1ef65a0020960d795674d858de,1970,1,1,3,0,,,,,,,,,,
ððªð§ðª,1970-01-01 00:27:38.908777736+00:00,,False,False,,,,,,,,,,6415bb224bb144f5cce2100593079f46,1970,1,1,3,0,,,,,,,,,,
ððªð§ðª,1970-01-01 00:27:38.908756965+00:00,,False,False,,,,,,,,,,98b8cb7a6d9bcd824afe03b448040ad2,1970,1,1,3,0,,,,,,,,,,
ðð©ðªð¯ð¦ð´ð© ð§¡,1970-01-01 00:27:38.908516710+00:00,,False,False,,,,,,,,,,ec13c653899514e665c3b81854c46a23,1970,1,1,3,0,,,,,,,,,,
ððªð§ðª,1970-01-01 00:27:38.908488107+00:00,,False,False,,,,,,,,,,084be2888ffc6be29889edb2f5868047,1970,1,1,3,0,,,,,,,,,,
ððªð§ðª,1970-01-01 00:27:38.908483109+00:00,,False,False,,,,,,,,,,801336dbd5122588c3c76ea3980cddde,1970,1,1,3,0,,,,,,,,,,
ðð©ðªð¯ð¦ð´ð© ð§¡,1970-01-01 00:27:38.908463904+00:00,,False,False,,,,,,,,,,b83b29a20ca8f3515e897311d64d6b1d,1970,1,1,3,0,,,,,,,,,,
ðð©ðªð¯ð¦ð´ð© ð§¡,1970-01-01 00:27:38.908456868+00:00,,False,False,,,,,,,,,,83b8ec1daf05fd592bde4beb5315a5bd,1970,1,1,3,0,,,,,,,,,,
ððªð§ðª,1970-01-01 00:27:38.908442872+00:00,,False,False,,,,,,,,,,26e3aa1be9e51c028d748c83a030a904,1970,1,1,3,0,,,,,,,,,,
ðð©ðªð¯ð¦ð´ð© ð§¡,1970-01-01 00:27:38.908436780+00:00,,False,False,,,,,,,,,,f05fb3741c47b218110a7abbddf01064,1970,1,1,3,0,,,,,,,,,,
ðð©ðªð¯ð¦ð´ð© ð§¡,1970-01-01 00:27:38.908429297+00:00,,False,False,,,,,,,,,,f65e88896a2b04a41d0c6a2e232d719c,1970,1,1,3,0,,,,,,,,,,
ððªð§ðª,1970-01-01 00:27:38.908418418+00:00,,False,False,,,,,,,,,,3c2750a60e33d12e55da49ef9da8e23f,1970,1,1,3,0,,,,,,,,,,
ðð©ðªð¯ð¦ð´ð© ð§¡,1970-01-01 00:27:38.908414579+00:00,,False,False,,,,,,,,,,501c20049ab48abb43afc870219df1b4,1970,1,1,3,0,,,,,,,,,,
ððªð§ðª,1970-01-01 00:27:38.908404756+00:00,,False,False,,,,,,,,,,f5ebb53ca2de53321082f922be4c2e0b,1970,1,1,3,0,,,,,,,,,,
ðð©ðªð¯ð¦ð´ð© ð§¡,1970-01-01 00:27:38.908398117+00:00,,False,False,,,,,,,,,,db1fed880e7c3fbb97fc95b8d45985ec,1970,1,1,3,0,,,,,,,,,,
ðð©ðªð¯ð¦ð´ð© ð§¡,1970-01-01 00:27:38.908391756+00:00,,False,False,,,,,,,,,,764347304b587d3af946a33009c20024,1970,1,1,3,0,,,,,,,,,,
ððªð§ðª,1970-01-01 00:27:38.908382775+00:00,,False,False,,,,,,,,,,7804637a4f7e59a814e946f313473047,1970,1,1,3,0,,,,,,,,,,
ðð©ðªð¯ð¦ð´ð© ð§¡,1970-01-01 00:27:38.908377831+00:00,,False,False,,,,,,,,,,5abd04c2f278287116393e3e3fbaa5ec,1970,1,1,3,0,,,,,,,,,,
ððªð§ðª,1970-01-01 00:27:38.908363523+00:00,,False,False,,,,,,,,,,032f4011eaa5a6b38e163d9d5676dd01,1970,1,1,3,0,,,,,,,,,,
ðð©ðªð¯ð¦ð´ð© ð§¡,1970-01-01 00:27:38.908355010+00:00,,False,False,,,,,,,,,,200b47f44b7e7080494211f8790596a1,1970,1,1,3,0,,,,,,,,,,
ðð©ðªð¯ð¦ð´ð© ð§¡,1970-01-01 00:27:38.908350187+00:00,,False,False,,,,,,,,,,3566714133a4741adbc5a91f0dc7d0b4,1970,1,1,3,0,,,,,,,,,,
ððªð§ðª,1970-01-01 00:27:38.908343150+00:00,,False,False,,,,,,,,,,59a24675c48ba2e5ec8eb2dc814aeaf2,1970,1,1,3,0,,,,,,,,,,
ððªð§ðª,1970-01-01 00:27:38.908333816+00:00,,False,False,,,,,,,,,,3f609c359d78cdcf466cb1809d20aa43,1970,1,1,3,0,,,,,,,,,,
ðð©ðªð¯ð¦ð´ð© ð§¡,1970-01-01 00:27:38.908322546+00:00,,False,False,,,,,,,,,,74f97277d01eda379f2d42c263879644,1970,1,1,3,0,,,,,,,,,,
ððªð§ðª,1970-01-01 00:27:38.908283932+00:00,,False,False,,,,,,,,,,27f6140e35a784314f5425b3b4dd6dae,1970,1,1,3,0,,,,,,,,,,
ðð©ðªð¯ð¦ð´ð© ð§¡,1970-01-01 00:27:38.908263014+00:00,,False,False,,,,,,,,,,c9967e2ca7c38e34c99586cd0ae268c7,1970,1,1,3,0,,,,,,,,,,
ððªð§ðª,1970-01-01 00:27:38.908251912+00:00,,False,False,,,,,,,,,,8592bbd27f657c722451404c63242b33,1970,1,1,3,0,,,,,,,,,,
ðð©ðªð¯ð¦ð´ð© ð§¡,1970-01-01 00:27:38.908244877+00:00,,False,False,,,,,,,,,,1616051dbf924801440a954090a15df2,1970,1,1,3,0,,,,,,,,,,
ððªð§ðª,1970-01-01 00:27:38.908224871+00:00,,False,False,,,,,,,,,,48ddaeed1f196129404397259a9a66c2,1970,1,1,3,0,,,,,,,,,,
ðð©ðªð¯ð¦ð´ð© ð§¡,1970-01-01 00:27:38.908224602+00:00,,False,False,,,,,,,,,,628a3c273b5272bf7d905cc849a33ed4,1970,1,1,3,0,,,,,,,,,,
ðð©ðªð¯ð¦ð´ð© ð§¡,1970-01-01 00:27:38.908213306+00:00,,False,False,,,,,,,,,,cfe6879833aecd2792e21bd8197a998e,1970,1,1,3,0,,,,,,,,,,
ððªð§ðª,1970-01-01 00:27:38.908189267+00:00,,False,False,,,,,,,,,,aba38faf22284b50be97139ed9a0b738,1970,1,1,3,0,,,,,,,,,,
ðð©ðªð¯ð¦ð´ð© ð§¡,1970-01-01 00:27:38.907985512+00:00,,False,False,,,,,,,,,,4d067ac5d85e1a54d43df4cd72848bde,1970,1,1,3,0,,,,,,,,,,
ðð©ðªð¯ð¦ð´ð© ð§¡,1970-01-01 00:27:38.907976794+00:00,,False,False,,,,,,,,,,615731ad10488e4919a94cde88c12460,1970,1,1,3,0,,,,,,,,,,
ðð©ðªð¯ð¦ð´ð© ð§¡,1970-01-01 00:27:38.666642894+00:00,,False,False,,,,,,,,,,b3f5ebeab7aa4f523f8cae5b52b6d9f7,1970,1,1,3,0,,,,,,,,,,
ðð©ðªð¯ð¦ð´ð© ð§¡,1970-01-01 00:27:38.666635060+00:00,,False,False,,,,,,,,,,f1286fc28e222a1c9c36887aaea2fea8,1970,1,1,3,0,,,,,,,,,,
ððªð§ðª,1970-01-01 00:27:38.666370788+00:00,,False,False,ð,ðð©ðªð¯ð¦ð´ð© ð§¡,1970-01-01 00:00:01.658666642+00:00,,https://www.instagram.com/p/CgZS-ynPuV9/,ðð¤£,trollsingles,,,91b90adbdffeabaa6bee19d1480e1f7c,1970,1,1,3,0,1970.0,1.0,1.0,3.0,0.0,,,,,
ððªð§ðª,1970-01-01 00:27:38.662347134+00:00,,False,False,ð,ðð©ðªð¯ð¦ð´ð© ð§¡,1970-01-01 00:00:01.658666635+00:00,,https://www.instagram.com/p/CgY6q8GPaDt/?carousel_share_child_media_id=2889317198403051757_48840775723,"ðð®ð½ð½ð ðð¶ð¿ððµð±ð®ð @vijayantony ð¤ð©ð¥
_
ðð¼ð¹ð¹ð¼ð ð®ð»ð± ððð½ð½ð¼ð¿ð @iragai_pol 
_
@arr.u1.harriz 
@arrameen
@arr_.yuvan._harris 
@arr.and.yuvan 
@arr.world_ 
@yuvan.and.arr 
@arr 
@arr.music.world 
@the.maniratnam.arr.era 
@arr_harris_world_ 
@ar_rahman703 
_
#vijayantony #vijayantonymusical #vikram #arr #arrahmanbgm #arrrahman #arrahmansong #arrahaman #drstrange #harrisjayaraj #harris #harrisjayarajmusical #harrisjeyaraj #surya #gvm #yuvan #yuvanveriyan #yuvanfan #yuvanshankarraja #yuvanfan #u1 #music #musiclover #iragaipol
_

ð§ðµð¶ð ðð¶ð±ð²ð¼ ð¶ð ð»ð¼ð ð¼ðð»ð²ð± ð¯ð ðºð²
ð§ðµð¶ð ðð¶ð±ð²ð¼ ð°ð¿ð²ð±ð¶ðð ð´ð¼ð²ð ðð¼ ð¿ð²ðð½ð²ð°ðð¶ðð²
_
ð¦ð¤â¨",iragai_pol,,,d58ab49058a1b5c2fd09773d2db45a9c,1970,1,1,3,0,1970.0,1.0,1.0,3.0,0.0,,,,,
ððªð§ðª,1970-01-01 00:27:38.497736085+00:00,,False,False,,,,,,,,,,9f7a8d1bc6778f001c5845e56bd607de,1970,1,1,3,0,,,,,,,,,,
ðð©ðªð¯ð¦ð´ð© ð§¡,1970-01-01 00:27:38.207780817+00:00,,False,False,,,,,,,,,,d4a4c3106c9803f1e97783a9fede025d,1970,1,1,3,0,,,,,,,,,,
ððªð§ðª,1970-01-01 00:27:38.203105705+00:00,,False,False,ð,ðð©ðªð¯ð¦ð´ð© ð§¡,1970-01-01 00:00:01.658207780+00:00,,,,,,,45a057bf3f9486b1bc171c484b55b6ce,1970,1,1,3,0,1970.0,1.0,1.0,3.0,0.0,,,,,
ððªð§ðª,1970-01-01 00:27:38.058384909+00:00,,False,False,,,,,,,,,,43cabdd13c683586e2e2f854a1a96259,1970,1,1,3,0,,,,,,,,,,
ðð©ðªð¯ð¦ð´ð© ð§¡,1970-01-01 00:27:37.809649304+00:00,,False,False,,,,,,,,,,b176a5a11b289c6d28ddd927a982c45b,1970,1,1,3,0,,,,,,,,,,
ðð©ðªð¯ð¦ð´ð© ð§¡,1970-01-01 00:27:37.719482796+00:00,,False,False,,,,,,,,,,de525c0c0ca8794934aea24db1608bec,1970,1,1,3,0,,,,,,,,,,
ððªð§ðª,1970-01-01 00:27:37.717155980+00:00,,False,False,ð,ðð©ðªð¯ð¦ð´ð© ð§¡,1970-01-01 00:00:01.657719482+00:00,,,,,,,ebf11b091172e3c11cbd8c1e07bc4a6a,1970,1,1,3,0,1970.0,1.0,1.0,3.0,0.0,,,,,
ðð©ðªð¯ð¦ð´ð© ð§¡,1970-01-01 00:27:37.434490304+00:00,,False,False,â¤ï¸,ððªð§ðª,1970-01-01 00:00:01.657434707+00:00,,,,,,,e96298a91b14775aa1738816b0850a59,1970,1,1,3,0,1970.0,1.0,1.0,3.0,0.0,,,,,
ðð©ðªð¯ð¦ð´ð© ð§¡,1970-01-01 00:27:37.355832370+00:00,,False,False,,,,,,,,,,69399ffbc16593f9b1eada7e8cb24082,1970,1,1,3,0,,,,,,,,,,
ððªð§ðª,1970-01-01 00:27:37.354869151+00:00,,False,False,ð,ðð©ðªð¯ð¦ð´ð© ð§¡,1970-01-01 00:00:01.657355832+00:00,,,,,,,3758153081025855d46f043b7bac338a,1970,1,1,3,0,1970.0,1.0,1.0,3.0,0.0,,,,,
ðð©ðªð¯ð¦ð´ð© ð§¡,1970-01-01 00:27:37.027707711+00:00,,False,False,,,,,,,,,,470c3893cb6fde15e039ff4b95321b0a,1970,1,1,3,0,,,,,,,,,,
ððªð§ðª,1970-01-01 00:27:37.023047416+00:00,,False,False,ð,ðð©ðªð¯ð¦ð´ð© ð§¡,1970-01-01 00:00:01.657027707+00:00,,,,,,,2aa63c5c1eec3cc91393c3e953457524,1970,1,1,3,0,1970.0,1.0,1.0,3.0,0.0,,,,,
ðð©ðªð¯ð¦ð´ð© ð§¡,1970-01-01 00:27:36.841722530+00:00,,False,False,,,,,,,,,,dc7e4cb429f28f42e0a913fc59883b7d,1970,1,1,3,0,,,,,,,,,,
ðð©ðªð¯ð¦ð´ð© ð§¡,1970-01-01 00:27:36.841713717+00:00,,False,False,,,,,,,,,,4ec68dc40de601a2134655d1550acf29,1970,1,1,3,0,,,,,,,,,,
ðð©ðªð¯ð¦ð´ð© ð§¡,1970-01-01 00:27:36.831286817+00:00,,False,False,,,,,,,,,,eadb1e3550c090ab299aecb35f6548c3,1970,1,1,3,0,,,,,,,,,,
ððªð§ðª,1970-01-01 00:27:36.831247401+00:00,,False,False,ð,ðð©ðªð¯ð¦ð´ð© ð§¡,1970-01-01 00:00:01.656831286+00:00,,,,,,,d01e08e62da1a8b504dfa9c8425367af,1970,1,1,3,0,1970.0,1.0,1.0,3.0,0.0,,,,,
ðð©ðªð¯ð¦ð´ð© ð§¡,1970-01-01 00:27:36.831230038+00:00,,False,False,,,,,,,,,,415acf89d5835660bf6b39480f958499,1970,1,1,3,0,,,,,,,,,,
ðð©ðªð¯ð¦ð´ð© ð§¡,1970-01-01 00:27:36.831215486+00:00,,False,False,,,,,,,,,,832768c1654a69dc62bf5d058ef06c9a,1970,1,1,3,0,,,,,,,,,,
ððªð§ðª,1970-01-01 00:27:36.831205248+00:00,,False,False,ð,ðð©ðªð¯ð¦ð´ð© ð§¡,1970-01-01 00:00:01.656831215+00:00,,,,,,,5c082ceea0127a6492ada9077b88b118,1970,1,1,3,0,1970.0,1.0,1.0,3.0,0.0,,,,,
ððªð§ðª,1970-01-01 00:27:36.831196977+00:00,,False,False,,,,,,,,,,6fd5045f6d753c1d3551f6c45c05c2e8,1970,1,1,3,0,,,,,,,,,,
ðð©ðªð¯ð¦ð´ð© ð§¡,1970-01-01 00:27:36.831188432+00:00,,False,False,,,,,,,,,,c629283730923965488c7e5c0dae879f,1970,1,1,3,0,,,,,,,,,,
ððªð§ðª,1970-01-01 00:27:36.831176925+00:00,,False,False,,,,,,,,,,b6c1aeca3f0bf93e68e0b0ac09865155,1970,1,1,3,0,,,,,,,,,,
ðð©ðªð¯ð¦ð´ð© ð§¡,1970-01-01 00:27:36.831169145+00:00,,False,False,,,,,,,,,,eb56479818786967df15daeecfdcf17a,1970,1,1,3,0,,,,,,,,,,
ððªð§ðª,1970-01-01 00:27:36.831147758+00:00,,False,False,,,,,,,,,,44ca8828dfc6b5ec6d2008601162bede,1970,1,1,3,0,,,,,,,,,,
ðð©ðªð¯ð¦ð´ð© ð§¡,1970-01-01 00:27:36.831141887+00:00,,False,False,,,,,,,,,,4c9474fc27322498ddab357f890a4187,1970,1,1,3,0,,,,,,,,,,
ððªð§ðª,1970-01-01 00:27:36.831135699+00:00,,False,False,,,,,,,,,,d445be5afd218e0fb48024d9ee255ff4,1970,1,1,3,0,,,,,,,,,,
ððªð§ðª,1970-01-01 00:27:36.831131422+00:00,,False,False,,,,,,,,,,d29f4d62c12f3a661ff3f3997cf395b5,1970,1,1,3,0,,,,,,,,,,
ðð©ðªð¯ð¦ð´ð© ð§¡,1970-01-01 00:27:36.831127537+00:00,,False,False,,,,,,,,,,5bdb67287459f0a9563eec25537d1bef,1970,1,1,3,0,,,,,,,,,,
ðð©ðªð¯ð¦ð´ð© ð§¡,1970-01-01 00:27:36.831111433+00:00,,False,False,,,,,,,,,,41140d4acf4518b2ef334b6ad1a3c526,1970,1,1,3,0,,,,,,,,,,
ðð©ðªð¯ð¦ð´ð© ð§¡,1970-01-01 00:27:36.831108964+00:00,,False,False,,,,,,,,,,d439daf363c7acb1d7c77ef0853e2740,1970,1,1,3,0,,,,,,,,,,
ðð©ðªð¯ð¦ð´ð© ð§¡,1970-01-01 00:27:36.831097774+00:00,,False,False,,,,,,,,,,cb8e3ddfb44f26cd366293ea710a6e36,1970,1,1,3,0,,,,,,,,,,
ððªð§ðª,1970-01-01 00:27:36.831087681+00:00,,False,False,,,,,,,,,,1dd98e7d254af7881c8af868d7e7cb2e,1970,1,1,3,0,,,,,,,,,,
ðð©ðªð¯ð¦ð´ð© ð§¡,1970-01-01 00:27:36.831072188+00:00,,False,False,,,,,,,,,,652573db857efccb7799e8b3b3e0e3d3,1970,1,1,3,0,,,,,,,,,,
ðð©ðªð¯ð¦ð´ð© ð§¡,1970-01-01 00:27:36.831062675+00:00,,False,False,,,,,,,,,,4ed9f21c7f6e1428e3092246393c4645,1970,1,1,3,0,,,,,,,,,,
ððªð§ðª,1970-01-01 00:27:36.831057162+00:00,,False,False,,,,,,,,,,690b91a71d02d8edf450e916dd0dbcb6,1970,1,1,3,0,,,,,,,,,,
ððªð§ðª,1970-01-01 00:27:36.831051409+00:00,,False,False,,,,,,,,,,3dd5429b7d301d556b764da56a16ceec,1970,1,1,3,0,,,,,,,,,,
ðð©ðªð¯ð¦ð´ð© ð§¡,1970-01-01 00:27:36.831024483+00:00,,False,False,,,,,,,,,,08131d974de524c919e362335ed3b8b6,1970,1,1,3,0,,,,,,,,,,
ððªð§ðª,1970-01-01 00:27:36.830980612+00:00,,False,False,,,,,https://www.instagram.com/p/CfimKqXLw3E/,Enkita GPay pana soli ketingana Vagundu viduven... ð,mokkapostu,,,4701dd80f77c362d28a8af57d0a0ea21,1970,1,1,3,0,,,,,,,,,,
ðð©ðªð¯ð¦ð´ð© ð§¡,1970-01-01 00:27:36.821201639+00:00,,False,False,,,,,,,,,,3ae33c4ac10105465f3e2399b534de94,1970,1,1,3,0,,,,,,,,,,
ððªð§ðª,1970-01-01 00:27:36.820106995+00:00,,False,False,ð¥,ðð©ðªð¯ð¦ð´ð© ð§¡,1970-01-01 00:00:01.656821201+00:00,,https://www.instagram.com/p/CYMAKAEAUkX/?carousel_share_child_media_id=2741566960423749911_48845365047,"à®¨à®¾à®à®¿ à®¨à®°à®®à¯à®ªà¯ à®®à¯à®±à¯à®à¯à® à®®à¯à®±à¯à®à¯à®ð¥
Motivational vibe ðð¥
. 
. 
Follow & Support @vibekadhalan
Â©ï¸ reserved by respective team and owners @sonymusic_south
@tseries.official @thinkmusicofficial @laharimusic 
. 
. 
 #yuvanshankarraja #arrahman #harrisjayaraj #devisriprasad #vidhyasagar#vijayantony #yuvan #yuvanism #manithan #munsellada #selvaragavan #orunalil #karthick #edirthunill #alagiyatamilmagan #valimai #sivakarthikeyan #ethirneechal #dhanush #nenjeezhu #surya #irudhisuttru #maddy #mayavisai #vijay #sarpattaparambarai #atharva #porkalam #aadukalam #beast",vibekadhalan,,,253bbbdbe5bd5c362c0992c66305be30,1970,1,1,3,0,1970.0,1.0,1.0,3.0,0.0,,,,,
ððªð§ðª,1970-01-01 00:27:36.691485767+00:00,,False,False,,,,,https://www.instagram.com/p/CfXwF3_hjnh/,#rippooramu ð,barath.editz,,,14729a8d4c1793b0f29ee89991bee86e,1970,1,1,3,0,,,,,,,,,,
ððªð§ðª,1970-01-01 00:27:36.591563729+00:00,,False,False,,,,,,,,,,0a15d01d264f6252cf321bf20ff03e4f,1970,1,1,3,0,,,,,,,,,,
ððªð§ðª,1970-01-01 00:27:36.484861143+00:00,,False,False,,,,,,,,,,df4670bbee38d9a00916267fb0c2ea00,1970,1,1,3,0,,,,,,,,,,
ðð©ðªð¯ð¦ð´ð© ð§¡,1970-01-01 00:27:36.341885711+00:00,,False,False,,,,,,,,,,851566002e9bd741fa89575c542f5f61,1970,1,1,3,0,,,,,,,,,,
ððªð§ðª,1970-01-01 00:27:36.341836398+00:00,,False,False,ð,ðð©ðªð¯ð¦ð´ð© ð§¡,1970-01-01 00:00:01.656341885+00:00,,,,,,,65dc44b3a2b6523af6eba847e7c48de1,1970,1,1,3,0,1970.0,1.0,1.0,3.0,0.0,,,,,
ðð©ðªð¯ð¦ð´ð© ð§¡,1970-01-01 00:27:36.341045869+00:00,,False,False,,,,,,,,,,0169814bad01afaf9a65ebc8a9b75a75,1970,1,1,3,0,,,,,,,,,,
ððªð§ðª,1970-01-01 00:27:36.340985598+00:00,,False,False,ð,ðð©ðªð¯ð¦ð´ð© ð§¡,1970-01-01 00:00:01.656341045+00:00,,,,,,,df89124fb03c32f8c8069bfc65f67f68,1970,1,1,3,0,1970.0,1.0,1.0,3.0,0.0,,,,,
ððªð§ðª,1970-01-01 00:27:36.316540484+00:00,,False,False,,,,,,,,,,a79ddbb4d0114188be34a768c0487c00,1970,1,1,3,0,,,,,,,,,,
ðð©ðªð¯ð¦ð´ð© ð§¡,1970-01-01 00:27:36.316536197+00:00,,False,False,,,,,,,,,,fa820d80f64671eb0e3ae2e0b3ed401d,1970,1,1,3,0,,,,,,,,,,
ððªð§ðª,1970-01-01 00:27:36.316535800+00:00,,False,False,,,,,,,,,,a7ed6b2793fb02d0359e490685ad38e9,1970,1,1,3,0,,,,,,,,,,
ðð©ðªð¯ð¦ð´ð© ð§¡,1970-01-01 00:27:36.316527534+00:00,,False,False,,,,,,,,,,8b92a43152ae9353405aa9cf60a3f8bd,1970,1,1,3,0,,,,,,,,,,
ððªð§ðª,1970-01-01 00:27:36.316500813+00:00,,False,False,,,,,,,,,,29c6146982318e8f115f6ff99a532e24,1970,1,1,3,0,,,,,,,,,,
ðð©ðªð¯ð¦ð´ð© ð§¡,1970-01-01 00:27:36.316488717+00:00,,False,False,,,,,,,,,,e5124f08d3eb8049b2137993c35a2441,1970,1,1,3,0,,,,,,,,,,
ððªð§ðª,1970-01-01 00:27:36.316478772+00:00,,False,False,,,,,,,,,,40f288912b01638e190037bb5686fec3,1970,1,1,3,0,,,,,,,,,,
ðð©ðªð¯ð¦ð´ð© ð§¡,1970-01-01 00:27:36.316467733+00:00,,False,False,,,,,,,,,,fb9b8b407517782f56e80718a47e2ed7,1970,1,1,3,0,,,,,,,,,,
ðð©ðªð¯ð¦ð´ð© ð§¡,1970-01-01 00:27:36.316459332+00:00,,False,False,,,,,,,,,,69525a507ad5a1b71e95a6a0c6321495,1970,1,1,3,0,,,,,,,,,,
ððªð§ðª,1970-01-01 00:27:36.316406345+00:00,,False,False,ð,ðð©ðªð¯ð¦ð´ð© ð§¡,1970-01-01 00:00:01.656316459+00:00,,,,,,,42e31fd5eee057fcc5516a3b37293ec3,1970,1,1,3,0,1970.0,1.0,1.0,3.0,0.0,,,,,
ðð©ðªð¯ð¦ð´ð© ð§¡,1970-01-01 00:27:36.263373738+00:00,,False,False,,,,,,,,,,ef91b894556f74b181a94d758c797d18,1970,1,1,3,0,,,,,,,,,,
ððªð§ðª,1970-01-01 00:27:36.253622566+00:00,,False,False,ð,ðð©ðªð¯ð¦ð´ð© ð§¡,1970-01-01 00:00:01.656263373+00:00,,,,,,,eb25f364830e7d6dc385e07ad38cc4d8,1970,1,1,3,0,1970.0,1.0,1.0,3.0,0.0,,,,,
ðð©ðªð¯ð¦ð´ð© ð§¡,1970-01-01 00:27:36.005133429+00:00,,False,False,â¤ï¸,ððªð§ðª,1970-01-01 00:00:01.656034443+00:00,,https://www.instagram.com/p/CfJ6b2DhcEZ/,ð¤£ð¤£ð¤£ððð¤£ð¤£ðððððððð¤£ð¤£ð¤£ððð¤£ð¤£ð¤£ððð¤£ð¤£ððð¤£ð¤£,r0yal_apple_iphone,,,c8747d79f8f41bda6b9a052e180d387d,1970,1,1,3,0,1970.0,1.0,1.0,3.0,0.0,,,,,
ðð©ðªð¯ð¦ð´ð© ð§¡,1970-01-01 00:27:35.995413766+00:00,,False,False,,,,,,,,,,8a10dd97a075918e845f6e6f974ee2e9,1970,1,1,3,0,,,,,,,,,,
ððªð§ðª,1970-01-01 00:27:35.995383086+00:00,,False,False,ð,ðð©ðªð¯ð¦ð´ð© ð§¡,1970-01-01 00:00:01.655995413+00:00,,,,,,,07390565af828588f247dbd248725354,1970,1,1,3,0,1970.0,1.0,1.0,3.0,0.0,,,,,
ðð©ðªð¯ð¦ð´ð© ð§¡,1970-01-01 00:27:35.979909135+00:00,,False,False,,,,,,,,,,c4e8e4a9b193e7d13d861291b5c52f4d,1970,1,1,3,0,,,,,,,,,,
ððªð§ðª,1970-01-01 00:27:35.979426879+00:00,,False,False,ð,ðð©ðªð¯ð¦ð´ð© ð§¡,1970-01-01 00:00:01.655979909+00:00,,,,,,,0f463c598e05c564f77f800336e4ee56,1970,1,1,3,0,1970.0,1.0,1.0,3.0,0.0,,,,,
ððªð§ðª,1970-01-01 00:27:35.787414640+00:00,,False,False,,,,,,,,your_instagram_activity/messages/inbox/dhinesh_17925682085371112/photos/289768459_830542457938041_198448616059396979_n_724578338791147.jpg,1970-01-01 00:00:01.655787416+00:00,1d729aa5a6ab4691eef979b23fdfcf03,1970,1,1,3,0,,,,,,1970.0,1.0,1.0,3.0,0.0
ðð©ðªð¯ð¦ð´ð© ð§¡,1970-01-01 00:27:35.787318268+00:00,,False,False,,,,,,,,,,fa2647ec7146a029110b23d8d6e41862,1970,1,1,3,0,,,,,,,,,,
ðð©ðªð¯ð¦ð´ð© ð§¡,1970-01-01 00:27:35.787309084+00:00,,False,False,,,,,,,,,,a00ce007b4c4e5ebcdf995d045281950,1970,1,1,3,0,,,,,,,,,,
ððªð§ðª,1970-01-01 00:27:35.707073511+00:00,,False,False,,,,,,,,,,dd90ece33949d13fbbf8e9a2a4a52285,1970,1,1,3,0,,,,,,,,,,
ðð©ðªð¯ð¦ð´ð© ð§¡,1970-01-01 00:27:35.707059743+00:00,,False,False,,,,,,,,your_instagram_activity/messages/inbox/dhinesh_17925682085371112/photos/288911773_785419269534797_2923244643788049895_n_846927949600229.jpg,1970-01-01 00:00:01.655707061+00:00,11fee85c913675dd8a7a6ebc908f9e18,1970,1,1,3,0,,,,,,1970.0,1.0,1.0,3.0,0.0
ððªð§ðª,1970-01-01 00:27:35.707051509+00:00,,False,False,,,,,,,,,,f06747a998aee50cf035fe963722c0b2,1970,1,1,3,0,,,,,,,,,,
ððªð§ðª,1970-01-01 00:27:35.707045777+00:00,,False,False,,,,,,,,,,eb7917180564a27f18c1ca35bb8fe5d8,1970,1,1,3,0,,,,,,,,,,
ððªð§ðª,1970-01-01 00:27:35.707036988+00:00,,False,False,,,,,,,,,,d11f83a8458a0d91002c35067742336f,1970,1,1,3,0,,,,,,,,,,
ðð©ðªð¯ð¦ð´ð© ð§¡,1970-01-01 00:27:35.707028697+00:00,,False,False,,,,,,,,,,7a14c6b129b73b6485ff240692bd79c2,1970,1,1,3,0,,,,,,,,,,
ðð©ðªð¯ð¦ð´ð© ð§¡,1970-01-01 00:27:35.707024018+00:00,,False,False,,,,,,,,,,d1feec6e2f9671a0a255277a3ee7d5f1,1970,1,1,3,0,,,,,,,,,,
ðð©ðªð¯ð¦ð´ð© ð§¡,1970-01-01 00:27:35.707014268+00:00,,False,False,,,,,,,,,,c0ac73128e30f41c749d77c64ef27307,1970,1,1,3,0,,,,,,,,,,
ððªð§ðª,1970-01-01 00:27:35.707010052+00:00,,False,False,,,,,https://www.facebook.com/B.tech,,,,,9ec8f063c0906047f22bb2387f707f5f,1970,1,1,3,0,,,,,,,,,,
ððªð§ðª,1970-01-01 00:27:35.707004329+00:00,,False,False,,,,,,,,,,66fd4254974f34f1618d8a1b0ae94b74,1970,1,1,3,0,,,,,,,,,,
ðð©ðªð¯ð¦ð´ð© ð§¡,1970-01-01 00:27:35.707001135+00:00,,False,False,,,,,,,,,,5106f1bc0c36e579ffea02b9180a630c,1970,1,1,3,0,,,,,,,,,,
ðð©ðªð¯ð¦ð´ð© ð§¡,1970-01-01 00:27:35.706993672+00:00,,False,False,,,,,,,,,,29086f98c45c3adc8b3bb6ee4726c3a5,1970,1,1,3,0,,,,,,,,,,
ððªð§ðª,1970-01-01 00:27:35.706986857+00:00,,False,False,,,,,,,,,,faba72208a8facc008a515a087f71474,1970,1,1,3,0,,,,,,,,,,
ðð©ðªð¯ð¦ð´ð© ð§¡,1970-01-01 00:27:35.706980751+00:00,,False,False,â¤ï¸,ððªð§ðª,1970-01-01 00:00:01.655706994+00:00,,,,,,,f2b47527a3014ece4707796746070184,1970,1,1,3,0,1970.0,1.0,1.0,3.0,0.0,,,,,
ððªð§ðª,1970-01-01 00:27:35.706978763+00:00,,False,False,,,,,,,,,,d54ee4eb5fbb09712843ed8491a838b4,1970,1,1,3,0,,,,,,,,,,
ððªð§ðª,1970-01-01 00:27:35.706975586+00:00,,False,False,,,,,,,,,,741ae29a243e25196b36a4e782e8a3d5,1970,1,1,3,0,,,,,,,,,,
ððªð§ðª,1970-01-01 00:27:35.706972073+00:00,,False,False,,,,,,,,,,2d6bd7ef1c0e210cf7ac499f07fe444e,1970,1,1,3,0,,,,,,,,,,
ððªð§ðª,1970-01-01 00:27:35.706961715+00:00,,False,False,,,,,,,,your_instagram_activity/messages/inbox/dhinesh_17925682085371112/photos/289234232_391334946132814_844456978291262436_n_408544451326255.jpg,1970-01-01 00:00:01.655706963+00:00,5af908fb25ce38277fb4ba541722d401,1970,1,1,3,0,,,,,,1970.0,1.0,1.0,3.0,0.0
ðð©ðªð¯ð¦ð´ð© ð§¡,1970-01-01 00:27:35.706951896+00:00,,False,False,,,,,,,,,,07cb198375b60396e829b05628fcbbc9,1970,1,1,3,0,,,,,,,,,,
ðð©ðªð¯ð¦ð´ð© ð§¡,1970-01-01 00:27:35.706945455+00:00,,False,False,,,,,,,,,,4c3e2e7153b63efa79ce9e123819c110,1970,1,1,3,0,,,,,,,,,,
ððªð§ðª,1970-01-01 00:27:35.706926635+00:00,,False,False,,,,,,,,,,9be887824ef66e04fea6733f88ef5629,1970,1,1,3,0,,,,,,,,,,
ðð©ðªð¯ð¦ð´ð© ð§¡,1970-01-01 00:27:35.641326007+00:00,,False,False,,,,,,,,,,7b21ecbf91544b6088e430ca55e4a008,1970,1,1,3,0,,,,,,,,,,
ððªð§ðª,1970-01-01 00:27:35.640076458+00:00,,False,False,ð,ðð©ðªð¯ð¦ð´ð© ð§¡,1970-01-01 00:00:01.655641326+00:00,,,,,,,ea2ea4f338cc1e539f8de933733b7d9d,1970,1,1,3,0,1970.0,1.0,1.0,3.0,0.0,,,,,
ðð©ðªð¯ð¦ð´ð© ð§¡,1970-01-01 00:27:35.625398520+00:00,,False,False,,,,,,,,,,eab1590448e3cd45b78d9df6d064ea71,1970,1,1,3,0,,,,,,,,,,
ðð©ðªð¯ð¦ð´ð© ð§¡,1970-01-01 00:27:35.625390717+00:00,,False,False,,,,,,,,,,fecf006ed700e985205e3eef64bd81db,1970,1,1,3,0,,,,,,,,,,
ððªð§ðª,1970-01-01 00:27:35.625378712+00:00,,False,False,ð¹,ðð©ðªð¯ð¦ð´ð© ð§¡,1970-01-01 00:00:01.655625398+00:00,,,,,,,8080de12eab889ec9f746eb319ca887c,1970,1,1,3,0,1970.0,1.0,1.0,3.0,0.0,,,,,
ððªð§ðª,1970-01-01 00:27:35.617298867+00:00,,False,False,ð,ðð©ðªð¯ð¦ð´ð© ð§¡,1970-01-01 00:00:01.655625390+00:00,,,,,,,d6cc74d018c2364da289b76e670da363,1970,1,1,3,0,1970.0,1.0,1.0,3.0,0.0,,,,,
ðð©ðªð¯ð¦ð´ð© ð§¡,1970-01-01 00:27:35.432351137+00:00,,False,False,,,,,,,,,,42a0ff194cf250ad32ff7b191ee3d0ad,1970,1,1,3,0,,,,,,,,,,
ððªð§ðª,1970-01-01 00:27:35.432047491+00:00,,False,False,ð,ðð©ðªð¯ð¦ð´ð© ð§¡,1970-01-01 00:00:01.655432351+00:00,,,,,,,06c0ca368f5c38d874d5cde06b639c74,1970,1,1,3,0,1970.0,1.0,1.0,3.0,0.0,,,,,
ððªð§ðª,1970-01-01 00:27:35.355077965+00:00,,False,False,,,,,,,,,,25db7e94ba812dcb4128a01a58b28dcb,1970,1,1,3,0,,,,,,,,,,
ðð©ðªð¯ð¦ð´ð© ð§¡,1970-01-01 00:27:35.137029587+00:00,,False,False,,,,,,,,,,90bbd80ff074ad12dd351f92498e5b23,1970,1,1,3,0,,,,,,,,,,
ððªð§ðª,1970-01-01 00:27:35.134396508+00:00,,False,False,ð,ðð©ðªð¯ð¦ð´ð© ð§¡,1970-01-01 00:00:01.655137029+00:00,,https://www.instagram.com/p/Ceu_CrEvPha/,"Fav ever ðððâ¤ï¸
Free ah iruntha page ah pathutu ponga
Follow our backup page  @90s_pullingo_
.
.
.
@90s_pullingo
.
.
Note: The audio and video belongs to the respective owners

This video is not for illegal sharing or profit making. It is just a fan made if any problem with the post kindly message and the video will be removed immediately. Please do not send any strike.
 
Thank you ððð
.
.
.
#90spullingo #tamilmeme #vijaytv #dhoni #surya #surya40 #tamil #tamilmemes #ipl #csk #mi #rcb #vadivelmemes #vadivelu #love #lovequotes #vijay #thala #dhanush 
#mokkaengineer #mokkapostu 
#tamilmeme #chennaimemes #auction #gpmuthu #jumpcuts  #harrisjayaraj",90s_pullingo,,,cc42cf841fb5c674f83134b86e52b1ae,1970,1,1,3,0,1970.0,1.0,1.0,3.0,0.0,,,,,
ððªð§ðª,1970-01-01 00:27:34.949159981+00:00,,False,False,,,,,,,,,,2237640e42d574ca8ff5011f50299ad1,1970,1,1,3,0,,,,,,,,,,
ðð©ðªð¯ð¦ð´ð© ð§¡,1970-01-01 00:27:34.948542584+00:00,,False,False,,,,,,,,,,454d5f1e9ae4c0293d04a390ff5820d2,1970,1,1,3,0,,,,,,,,,,
ððªð§ðª,1970-01-01 00:27:34.948526196+00:00,,False,False,ð,ðð©ðªð¯ð¦ð´ð© ð§¡,1970-01-01 00:00:01.654948542+00:00,,,,,,,6d3dd17e9f4dda085769356ee4a7fd4b,1970,1,1,3,0,1970.0,1.0,1.0,3.0,0.0,,,,,
ðð©ðªð¯ð¦ð´ð© ð§¡,1970-01-01 00:27:34.784074579+00:00,,False,False,,,,,,,,,,bf382e417c385379995d5087f8e0995a,1970,1,1,3,0,,,,,,,,,,
ððªð§ðª,1970-01-01 00:27:34.778826645+00:00,,False,False,ð,ðð©ðªð¯ð¦ð´ð© ð§¡,1970-01-01 00:00:01.654784074+00:00,,https://www.instagram.com/p/CeiIuKKvHq1/,"ð¤£ tag ð
.
.
Follow ~ @vadivelubakthan_memes

#reelsfeelit #funnyreels #instareels #reelsinstagram #instalike #trending #tamilmemes #tamilsongs #funnyvideos #viralreels #billionviews #instafashion #comedyvideos #tamilvideos #reelsinsta #reelsviral #reelstamil #reelsindia #tamilreels #viralvideos #vibes #couplegoals #thalapathy #thala #tamilnadu #kerala #tamilmemes #reelsfeelit #funnyreels #instareels #reelsinstagram #instalike #trending #tamilmemes #tamilsongs #funnyvideos #viralreels #billionviews #instafashion #comedyvideos #tamilvideos #reelsinsta #reelsviral #reelstamil #reelsindia #tamilreels #viralvideos #vibes #couplegoals #thalapathy #thala #tamilnadu #kerala #tamilmemes",vadivelubakthan_memes,,,1790d2bf604d09b2ec1d48867345e81d,1970,1,1,3,0,1970.0,1.0,1.0,3.0,0.0,,,,,
ðð©ðªð¯ð¦ð´ð© ð§¡,1970-01-01 00:27:34.775660033+00:00,,False,False,â¤ï¸,ððªð§ðª,1970-01-01 00:00:01.654778138+00:00,,,,,,,54e5ab81f395979fffccc2e7a0af0b7c,1970,1,1,3,0,1970.0,1.0,1.0,3.0,0.0,,,,,
ðð©ðªð¯ð¦ð´ð© ð§¡,1970-01-01 00:27:34.773495453+00:00,,False,False,â¤ï¸,ððªð§ðª,1970-01-01 00:00:01.654778312+00:00,,,,,,,6eb2fd62b92e5aad874bd48ea36e81bb,1970,1,1,3,0,1970.0,1.0,1.0,3.0,0.0,,,,,
ðð©ðªð¯ð¦ð´ð© ð§¡,1970-01-01 00:27:34.773432317+00:00,,False,False,â¤ï¸,ððªð§ðª,1970-01-01 00:00:01.654778286+00:00,,,,,,,61beed8ab81b8f759ca028c0f0bf5d6d,1970,1,1,3,0,1970.0,1.0,1.0,3.0,0.0,,,,,
ðð©ðªð¯ð¦ð´ð© ð§¡,1970-01-01 00:27:34.677533325+00:00,,False,False,,,,,,,,,,16c344b1b25e659e5f8a0108b904dca8,1970,1,1,3,0,,,,,,,,,,
ðð©ðªð¯ð¦ð´ð© ð§¡,1970-01-01 00:27:34.677500642+00:00,,False,False,,,,,,,,,,b6ae475471d0b08ed809e84258869402,1970,1,1,3,0,,,,,,,,,,
ððªð§ðª,1970-01-01 00:27:34.676130902+00:00,,False,False,ð¹,ðð©ðªð¯ð¦ð´ð© ð§¡,1970-01-01 00:00:01.654677533+00:00,,https://www.instagram.com/p/CeaIxNTP6j7/,"Yaara neengellam deiiðððð
@top10memez2.0 
#top10memes2 
#tamilmemes 
#comedymemes 
#vadivelcomedy 
#vadivelmemes 
#vadivelucomedy 
#trending 
#trendingsongs 
#trendingreels 
#mokkaengineer 
#mokkapostu2 
#mokkamemes 
#mokkavideos",toxickmemes2.0,,,ca0153328e3f34712f161fb300b9f08f,1970,1,1,3,0,1970.0,1.0,1.0,3.0,0.0,,,,,
ððªð§ðª,1970-01-01 00:27:34.675630069+00:00,,False,False,ð,ðð©ðªð¯ð¦ð´ð© ð§¡,1970-01-01 00:00:01.654677500+00:00,,,,,,,92a02ba14e963e11c9a3be7cac00da6a,1970,1,1,3,0,1970.0,1.0,1.0,3.0,0.0,,,,,
ðð©ðªð¯ð¦ð´ð© ð§¡,1970-01-01 00:27:34.608100583+00:00,,False,False,,,,,,,,,,08e1536e07fa8dc73a240862b0b4760b,1970,1,1,3,0,,,,,,,,,,
ððªð§ðª,1970-01-01 00:27:34.606951938+00:00,,False,False,ð,ðð©ðªð¯ð¦ð´ð© ð§¡,1970-01-01 00:00:01.654608100+00:00,,https://www.instagram.com/p/CegT4dpJTKB/,"Kalyanathula prechana panama vida maten dað
_vishal_sammy_",vera_level_memes,,,06dcf15e5c3425d54cf528735029b5e4,1970,1,1,3,0,1970.0,1.0,1.0,3.0,0.0,,,,,
ðð©ðªð¯ð¦ð´ð© ð§¡,1970-01-01 00:27:34.598820921+00:00,,False,False,,,,,,,,,,3c68be07dbfc415a98199c0f47b6d7b4,1970,1,1,3,0,,,,,,,,,,
ððªð§ðª,1970-01-01 00:27:34.595483023+00:00,,False,False,ð,ðð©ðªð¯ð¦ð´ð© ð§¡,1970-01-01 00:00:01.654598820+00:00,,https://www.instagram.com/p/CefkfRFN_sI/,Etana peruku adi Vila podo. ð¶,mokkapostu,,,570baaa37ab78cacc3ce5317df7f79b8,1970,1,1,3,0,1970.0,1.0,1.0,3.0,0.0,,,,,
ðð©ðªð¯ð¦ð´ð© ð§¡,1970-01-01 00:27:34.447351709+00:00,,False,False,â¤ï¸,ððªð§ðª,1970-01-01 00:00:01.654472976+00:00,,https://www.instagram.com/p/CebTTkTpNY0/,â¤ï¸â¤ï¸â¤ï¸,itssarathhere,,,43235e9e5ab3cca3b4048e2e60734232,1970,1,1,3,0,1970.0,1.0,1.0,3.0,0.0,,,,,
ðð©ðªð¯ð¦ð´ð© ð§¡,1970-01-01 00:27:34.447344054+00:00,,False,False,,,,,,,,,,5cc2c823c1dfcfba740d35f77759efd4,1970,1,1,3,0,,,,,,,,,,
ððªð§ðª,1970-01-01 00:27:34.437973908+00:00,,False,False,ð,ðð©ðªð¯ð¦ð´ð© ð§¡,1970-01-01 00:00:01.654447344+00:00,,https://www.instagram.com/p/CebSAupvwDP/,ð¤£ð¤£ð¤£,trollsingles,,,f00abeeddfb3073dfe80ec5125ef513f,1970,1,1,3,0,1970.0,1.0,1.0,3.0,0.0,,,,,
ðð©ðªð¯ð¦ð´ð© ð§¡,1970-01-01 00:27:34.425351070+00:00,,False,False,,,,,,,,,,0ceb08e1f378485fc10b7cfe04ac107a,1970,1,1,3,0,,,,,,,,,,
ððªð§ðª,1970-01-01 00:27:34.424888951+00:00,,False,False,ð,ðð©ðªð¯ð¦ð´ð© ð§¡,1970-01-01 00:00:01.654425351+00:00,,https://www.instagram.com/p/Cd3ZGeiPvZR/,"ece lab practical examðððð

#tamilstatus
#vadivasal
#anirudhsongs
#kvrk

#teakadaiset
#dhanush
#arrahman
#chennaimemes
#sivakarthikeyan
#sivaangi
#thalapathyvijay
#tamilmemes
#priyankamohan
#tamilcinema
#thalapathy66
#donmovie
#kavin
#u1songs
#thala
#tamilvibes

#gvp #valimai #tamilreels  #tamiltrolls #anirudhsongs #suryaanna  #sjsurya #vjs #vikram",tea_kadai_set,,,845399009208098415333f7c8585a565,1970,1,1,3,0,1970.0,1.0,1.0,3.0,0.0,,,,,
