sender_name,timestamp_ms,content,is_geoblocked_for_viewer,is_unsent_image_by_messenger_kid_parent,share_link,share_share_text,share_original_content_owner,reactions_0_reaction,reactions_0_actor,reactions_0_timestamp,unique_id,timestamp_ms_year,timestamp_ms_month,timestamp_ms_day,timestamp_ms_weekday,timestamp_ms_hour,reactions_0_timestamp_year,reactions_0_timestamp_month,reactions_0_timestamp_day,reactions_0_timestamp_weekday,reactions_0_timestamp_hour
SMD,1970-01-01 00:28:49.257085677+00:00,Kindly Like & Share If Possible â¥ï¸,False,False,,,,,,,6040128a210ddf7fb08736085a3dcafc,1970,1,1,3,0,,,,,
SMD,1970-01-01 00:28:49.257085154+00:00,SMD sent an attachment.,False,False,https://www.instagram.com/reel/DBNQW0WCtWX/?id=3480510023804310935_65800819649,"Morality is Freedom.
Cont - 16",solidarity_thanjai_official,,,,4a0495f32f51ac80317a2a9ed6e53420,1970,1,1,3,0,,,,,
SMD,1970-01-01 00:28:49.137043537+00:00,Like Panni Mudinja Share Pannunga Guys ð¤â¥ï¸,False,False,,,,,,,36687548c0da14842e102bad92b00453,1970,1,1,3,0,,,,,
SMD,1970-01-01 00:28:48.658202024+00:00,SMD sent an attachment.,False,False,https://www.instagram.com/reel/DA_Li7jCvZ5/?id=3476548216265832057_65800819649,"Morality is Freedom.
Cont - 12",solidarity_thanjai_official,,,,0b3bd9c3f1f2364a73aa99e7fb64c795,1970,1,1,3,0,,,,,
SMD,1970-01-01 00:28:44.235277582+00:00,Marakkama pannu bro,False,False,,,,ð,ððªð§ðª,1970-01-01 00:00:01.724235290+00:00,c0dbf63451416c7bcc42fcd44963ea06,1970,1,1,3,0,1970.0,1.0,1.0,3.0,0.0
ððªð§ðª,1970-01-01 00:28:44.235239782+00:00,ð,False,False,,,,,,,052d0ceb9205f3560c5f2db253b870a1,1970,1,1,3,0,,,,,
SMD,1970-01-01 00:28:44.235234176+00:00,Competition bro konjam like panni friendskum share panni like panna sollu bro â¥ï¸,False,False,,,,,,,a50eb2cc9aa2c662634239d0638ad1e9,1970,1,1,3,0,,,,,
SMD,1970-01-01 00:28:44.235224655+00:00,https://www.instagram.com/reel/C-kYWSIyPm3/?igsh=MWdncmI4dzZqdjIwdA==,False,False,https://www.instagram.com/reel/C-kYWSIyPm3/?id=3432975900382656951_65800819649,"Anti Drug Campaign Contestant -8 
#solidaritytn",solidarity_thanjai_official,,,,020ac3555ff1f7f0a806cd161b5f9104,1970,1,1,3,0,,,,,
ððªð§ðª,1970-01-01 00:28:44.235186796+00:00,Sollu bro,False,False,,,,,,,7438a3dbc5efafad5691187d6e00b78e,1970,1,1,3,0,,,,,
SMD,1970-01-01 00:28:44.235167220+00:00,Oru help bro,False,False,,,,,,,12d7241dc7dd93fa74adb4dfcf6c34fa,1970,1,1,3,0,,,,,
ððªð§ðª,1970-01-01 00:28:44.235152851+00:00,Yeah,False,False,,,,,,,28f896b9b900e549f157cf505ad821c6,1970,1,1,3,0,,,,,
SMD,1970-01-01 00:28:44.234734333+00:00,Bro?,False,False,,,,,,,8c6f38bd9739517d92e0a3f1d9ea5587,1970,1,1,3,0,,,,,
