sender_name,timestamp_ms,content,is_geoblocked_for_viewer,is_unsent_image_by_messenger_kid_parent,reactions_0_reaction,reactions_0_actor,reactions_0_timestamp,share_link,share_profile_share_username,share_profile_share_name,share_share_text,share_original_content_owner,unique_id,timestamp_ms_year,timestamp_ms_month,timestamp_ms_day,timestamp_ms_weekday,timestamp_ms_hour,reactions_0_timestamp_year,reactions_0_timestamp_month,reactions_0_timestamp_day,reactions_0_timestamp_weekday,reactions_0_timestamp_hour
KUNDHANâ¤ï¸âð©¹,1970-01-01 00:28:44.815905607+00:00,à®®à¯à®à¯à®à¯ à®µà®¿à®°à¯à®®à¯à®ªà®¿à®¯à¯à®³à¯à®³à®¾à®°à¯,False,False,,,,,,,,,c253a666edfaf07184a53c547891f8b7,1970,1,1,3,0,,,,,
ððªð§ðª,1970-01-01 00:28:44.815733451+00:00,Thx mama â¥ï¸ð«,False,False,â¤,KUNDHANâ¤ï¸âð©¹,1970-01-01 00:00:01.724815905+00:00,,,,,,90567315f58808a7b18c16b331a8df46,1970,1,1,3,0,1970.0,1.0,1.0,3.0,0.0
ððªð§ðª,1970-01-01 00:28:27.616103041+00:00,Follow guys ðð,False,False,,,,,,,,,7823009bd9c575b39a013df4cc1107f4,1970,1,1,3,0,,,,,
ððªð§ðª,1970-01-01 00:28:27.616102594+00:00,You sent an attachment.,False,False,,,,https://www.instagram.com/_u/padmaeventmanagement,padmaeventmanagement,Padma_events,,,6d1244904701f89d177f53944c7bc602,1970,1,1,3,0,,,,,
KUNDHANâ¤ï¸âð©¹,1970-01-01 00:28:18.810043491+00:00,Tnx da machaa,False,False,,,,,,,,,ec627f68a68b20888ced6e18a2f76971,1970,1,1,3,0,,,,,
ððªð§ðª,1970-01-01 00:28:18.809772331+00:00,Baduzzzz happy birthday da,False,False,,,,,,,,,e1863dd4d647f42218745a5f221fdb3d,1970,1,1,3,0,,,,,
ððªð§ðª,1970-01-01 00:28:18.809730389+00:00,,False,False,,,,https://instagram.com/stories/gx._.lee/3226172189682908031,,,,,b2e39fee57fb21b2b43db456fbe6c765,1970,1,1,3,0,,,,,
ððªð§ðª,1970-01-01 00:28:16.085158547+00:00,ð«¡,False,False,,,,,,,,,f8cb0d817dc305923557f16aa3eabecc,1970,1,1,3,0,,,,,
KUNDHANâ¤ï¸âð©¹,1970-01-01 00:28:16.085149626+00:00,Welcome ak fans vlub,False,False,,,,,,,,,f9e8359006094ab86741c2b83efaebb1,1970,1,1,3,0,,,,,
KUNDHANâ¤ï¸âð©¹,1970-01-01 00:28:16.085135790+00:00,Seri vidu,False,False,,,,,,,,,588b6f14d1352c98d73a19a22ca62cbd,1970,1,1,3,0,,,,,
KUNDHANâ¤ï¸âð©¹,1970-01-01 00:28:16.085130252+00:00,à®à®à¯à®à®³à¯  à®®à¯à®à¯à®à¯à®à¯à®à¯ ð à®à®© à®à®£à®°à¯à®à¯à®à®¿à®¯à¯ à®µà¯à®³à®¿à®ªà¯à®ªà®à¯à®¤à¯à®¤à®¿à®©à®¾à®°à¯,False,False,,,,,,,,,bbd032c332c09eb8f5bce3db248e3973,1970,1,1,3,0,,,,,
ððªð§ðª,1970-01-01 00:28:16.085126477+00:00,Ila da pool,False,False,ð,KUNDHANâ¤ï¸âð©¹,1970-01-01 00:00:01.696085130+00:00,,,,,,444c0ef2abbe20e2f773c92c0dfa97eb,1970,1,1,3,0,1970.0,1.0,1.0,3.0,0.0
KUNDHANâ¤ï¸âð©¹,1970-01-01 00:28:16.085111197+00:00,Andha r.sanjay kooda sendhukutu thala ya kelavan nu sonavanugada nenga,False,False,,,,,,,Andha r.sanjay kooda sendhukutu thala ya kelavan nu sonavanugada nenga,,8d168a4fa93c4260aab177ca60da850c,1970,1,1,3,0,,,,,
ððªð§ðª,1970-01-01 00:28:16.085092863+00:00,Nejamada,False,False,,,,,,,,,7f9aa65910f772287cc6531870475e5e,1970,1,1,3,0,,,,,
KUNDHANâ¤ï¸âð©¹,1970-01-01 00:28:16.085078875+00:00,Heyy nadikadhaaa,False,False,,,,,,,,,1669a42a7d7795b64101e54d92635e97,1970,1,1,3,0,,,,,
ððªð§ðª,1970-01-01 00:28:16.085061912+00:00,Macha naa epoothula irunthuu thala fan,False,False,,,,,,,,,9e02ba2a3b0769ebbad152467d80a961,1970,1,1,3,0,,,,,
KUNDHANâ¤ï¸âð©¹,1970-01-01 00:28:16.085011408+00:00,Ne yepo thala fan ha aguna,False,False,,,,,,,,,3ac80c04da8b2ef40078974ae68fd7a0,1970,1,1,3,0,,,,,
ððªð§ðª,1970-01-01 00:28:13.206175051+00:00,Thx macha ð,False,False,,,,,,,,,135f2342297c2decfb41d6482247523d,1970,1,1,3,0,,,,,
KUNDHANâ¤ï¸âð©¹,1970-01-01 00:28:13.205321020+00:00,KUNDHANâ¤ï¸âð©¹ shared a story.,False,False,â¤ï¸,ððªð§ðª,1970-01-01 00:00:01.693206179+00:00,,,,,,37bb77fc6de95796b3bf74b459679137,1970,1,1,3,0,1970.0,1.0,1.0,3.0,0.0
KUNDHANâ¤ï¸âð©¹,1970-01-01 00:27:47.269365692+00:00,Tnx chellem,False,False,â¤ï¸,ððªð§ðª,1970-01-01 00:00:01.667269375+00:00,,,,,,9faa0d721a5290d422446d2e441648d8,1970,1,1,3,0,1970.0,1.0,1.0,3.0,0.0
ððªð§ðª,1970-01-01 00:27:47.269339290+00:00,Happy Birthday machaa ððð,False,False,,,,,,,,,40a7ee4f0dcc8e40b4f44f1019604252,1970,1,1,3,0,,,,,
KUNDHANâ¤ï¸âð©¹,1970-01-01 00:27:46.952797685+00:00,KUNDHANâ¤ï¸âð©¹ sent an attachment.,False,False,â¤ï¸,ððªð§ðª,1970-01-01 00:00:01.666954582+00:00,https://www.instagram.com/reel/Cj43B5uDVJb/?id=2952351578994856539_6223769218,,,"Tag Ur à®à®¯à®¿à®°à¯ à®¨à®£à¯à®ªà®©à¯ ðð¤£â¤ï¸

#madurai #madurai360 #madurai360videomemes #madurai360memes #madurai360ð #madurai360ððð #madurai360ð¥ #madurai360shows #talkshow #tamiltalkeshow #tamilreels #friends #friendship #friendsforever #uyir #uyirnanban #nanban",_madurai360,327d91b3a2505fe72d30438ec8dd12a9,1970,1,1,3,0,1970.0,1.0,1.0,3.0,0.0
ððªð§ðª,1970-01-01 00:27:44.929459726+00:00,ð¤£,False,False,,,,,,,,,c8a04136b70fb01759334717b5811ac9,1970,1,1,3,0,,,,,
KUNDHANâ¤ï¸âð©¹,1970-01-01 00:27:44.906587431+00:00,KUNDHANâ¤ï¸âð©¹ sent an attachment.,False,False,,,,https://www.instagram.com/p/CjTPlQLvYI0/,,,ððð,trollsingles,681e9c3cee47e4aa99deead1fc5dadfe,1970,1,1,3,0,,,,,
KUNDHANâ¤ï¸âð©¹,1970-01-01 00:27:44.903710914+00:00,Apdi solladhað¥º,False,False,,,,,,,,,ff28abee95013e90585c66a50c5d4a21,1970,1,1,3,0,,,,,
ððªð§ðª,1970-01-01 00:27:44.903697700+00:00,Dei gay punda,False,False,,,,,,,,,1444083836fdbb5ee26b098de918aa25,1970,1,1,3,0,,,,,
KUNDHANâ¤ï¸âð©¹,1970-01-01 00:27:44.903632967+00:00,I love you,False,False,,,,,,,,,af316f841b81eb9a019d88b906fd937b,1970,1,1,3,0,,,,,
KUNDHANâ¤ï¸âð©¹,1970-01-01 00:27:44.903620455+00:00,Yepdi iruka chellem,False,False,,,,,,,,,5c7cb79d7d33e3d2560363dbdb6eb47a,1970,1,1,3,0,,,,,
ððªð§ðª,1970-01-01 00:27:44.903564509+00:00,Solluda punda,False,False,,,,,,,,,7a6b98b022a3f2d95ca462f78130d645,1970,1,1,3,0,,,,,
KUNDHANâ¤ï¸âð©¹,1970-01-01 00:27:44.903382345+00:00,Chellem,False,False,,,,https://instagram.com/stories/gx._.lee/2941715955147208810,,,,,3ecd9848831f20968a269c69e005160e,1970,1,1,3,0,,,,,
KUNDHANâ¤ï¸âð©¹,1970-01-01 00:27:37.638960756+00:00,,False,False,â¤ï¸,ððªð§ðª,1970-01-01 00:00:01.657639842+00:00,,,,,,0ce95647bb244520e12a5f89c4d13bf7,1970,1,1,3,0,1970.0,1.0,1.0,3.0,0.0
ððªð§ðª,1970-01-01 00:27:36.830990581+00:00,,False,False,,,,https://www.instagram.com/p/CfimKqXLw3E/,,,Enkita GPay pana soli ketingana Vagundu viduven... ð,mokkapostu,d39f7afeb41a7222f8d61d5dece8360d,1970,1,1,3,0,,,,,
ððªð§ðª,1970-01-01 00:27:36.253633875+00:00,,False,False,,,,,,,,,be4a2454a3358927177b7344acfe7d27,1970,1,1,3,0,,,,,
ððªð§ðª,1970-01-01 00:27:34.948537258+00:00,,False,False,,,,,,,,,712d7546e0c2b043091d98b3cac154be,1970,1,1,3,0,,,,,
ððªð§ðª,1970-01-01 00:27:34.606955285+00:00,,False,False,,,,https://www.instagram.com/p/CegT4dpJTKB/,,,"Kalyanathula prechana panama vida maten dað
_vishal_sammy_",vera_level_memes,2f3ef1cc59aa07785f8882cb65cf7812,1970,1,1,3,0,,,,,
ððªð§ðª,1970-01-01 00:27:34.437976032+00:00,,False,False,,,,https://www.instagram.com/p/CebSAupvwDP/,,,ð¤£ð¤£ð¤£,trollsingles,fd63ef749794bbe1db0cad93f814f5d9,1970,1,1,3,0,,,,,
KUNDHANâ¤ï¸âð©¹,1970-01-01 00:27:34.432247061+00:00,à®à®à¯à®à®³à¯  à®®à¯à®à¯à®à¯à®à¯à®à¯ ð à®à®© à®à®£à®°à¯à®à¯à®à®¿à®¯à¯ à®µà¯à®³à®¿à®ªà¯à®ªà®à¯à®¤à¯à®¤à®¿à®©à®¾à®°à¯,False,False,,,,,,,,,588cf73d98552a4354949a22626250c5,1970,1,1,3,0,,,,,
ððªð§ðª,1970-01-01 00:27:34.424890922+00:00,,False,False,ð,KUNDHANâ¤ï¸âð©¹,1970-01-01 00:00:01.654432247+00:00,https://www.instagram.com/p/Cd3ZGeiPvZR/,,,"ece lab practical examðððð

#tamilstatus
#vadivasal
#anirudhsongs
#kvrk

#teakadaiset
#dhanush
#arrahman
#chennaimemes
#sivakarthikeyan
#sivaangi
#thalapathyvijay
#tamilmemes
#priyankamohan
#tamilcinema
#thalapathy66
#donmovie
#kavin
#u1songs
#thala
#tamilvibes

#gvp #valimai #tamilreels  #tamiltrolls #anirudhsongs #suryaanna  #sjsurya #vjs #vikram",tea_kadai_set,675b39f05043cac26c98e0a8c5b16a27,1970,1,1,3,0,1970.0,1.0,1.0,3.0,0.0
