sender_name,timestamp_ms,content,is_geoblocked_for_viewer,is_unsent_image_by_messenger_kid_parent,reactions_0_reaction,reactions_0_actor,share_link,share_share_text,share_original_content_owner,reactions_0_timestamp,call_duration,unique_id,timestamp_ms_year,timestamp_ms_month,timestamp_ms_day,timestamp_ms_weekday,timestamp_ms_hour,reactions_0_timestamp_year,reactions_0_timestamp_month,reactions_0_timestamp_day,reactions_0_timestamp_weekday,reactions_0_timestamp_hour
SHAMEERð,1970-01-01 00:29:04.526181504+00:00,à®®à¯à®à¯à®à¯ à®µà®¿à®°à¯à®®à¯à®ªà®¿à®¯à¯à®³à¯à®³à®¾à®°à¯,False,False,,,,,,,,4678aa3b37ab51a25dd4b490f5e3f5e3,1970,1,1,3,0,,,,,
ððªð§ðª,1970-01-01 00:29:04.524926957+00:00,Happy Birthday machaa ð¥ð«,False,False,â¤,SHAMEERð,,,,,,f399b2e650997f2e62369eddb17795f0,1970,1,1,3,0,,,,,
SHAMEERð,1970-01-01 00:28:37.155935350+00:00,SHAMEERð sent an attachment.,False,False,,,,,,,,ff8e6387a625bd540f95ddfd2fbf08a2,1970,1,1,3,0,,,,,
SHAMEERð,1970-01-01 00:28:35.702919452+00:00,SHAMEERð sent an attachment.,False,False,,,https://www.instagram.com/reel/C69GIKJS22oJR0LxY7SOITRSk6oZahZaAaUlCk0/?id=3367875045271236008_41883420783,"ð©ð¥
.
.
.
.
.#mt15 #mt15india #mt15modified #mt15fans #mt03 #mt150 #mt15v2 #mt15lovers",smart_shameer_143,,,0c773276d7145570116421dc042a92e9,1970,1,1,3,0,,,,,
SHAMEERð,1970-01-01 00:28:33.359298707+00:00,SHAMEERð sent an attachment.,False,False,,,https://www.instagram.com/p/C53RSDNyhylbpH3wuTZKXrPHuoKp8t1zqURz7E0/,"ðð¤
PC @fuel_holic_390
. 
.
.
.
.#formlawear #formal #formaldress #formaldresses #mt15loversâ¤ï¸â¤ï¸ #mt15v2 #mt15kerala #mt15 #mt15modified #mt15fans",smart_shameer_143,,,c1d04a238066ceeb97b2eb3476c3ab5e,1970,1,1,3,0,,,,,
SHAMEERð,1970-01-01 00:28:33.031912561+00:00,SHAMEERð sent an attachment.,False,False,,,https://www.instagram.com/p/C5tgxljSHtwlafpjfHVVCS5GXlkYtsLo-M4rZw0/,"CHEERS 20ð¥â¨
PIC BY:@fuel_holic_390 
.
.
.
.#formal #formalwear #formaldress #formaldresses #mt15reels #mt15modified #mt15lovers #mt15bs6 #selflove #self #mt15accessories #mt15fans #revan",smart_shameer_143,,,b8cd3dcb72fd6f843d9fbb18344f78f5,1970,1,1,3,0,,,,,
SHAMEERð,1970-01-01 00:28:32.983409355+00:00,Thanks raaâ¤ï¸,False,False,,,,,,,,72da3a8cad6c328404747281298a04e1,1970,1,1,3,0,,,,,
ððªð§ðª,1970-01-01 00:28:32.972330843+00:00,,False,False,,,,,,,,6c702c94934815766bbacd91cb679ac6,1970,1,1,3,0,,,,,
SHAMEERð,1970-01-01 00:28:30.474485069+00:00,SHAMEERð sent an attachment.,False,False,,,https://www.instagram.com/reel/C4hPwX_y-VP/?id=3324007294975075663_47960706087,"Yercaud Diariesð¨ð
(20/12/2023)ð
.
.
.
.
.
#yercaud #yercauddiariesâ¤ï¸ #yercaudhills #travel #travelphotography #manjummalboys #kuthanthram #kuthanthramsong #malayalam #yercaudhills #yercaudtrip #bikeride #bikelife #naturelovers #friends #friendship #friendshipgoals #friendstrip",fuel_holic_390,,,4c1ad138c24fc336cc7912f3d6248bee,1970,1,1,3,0,,,,,
SHAMEERð,1970-01-01 00:28:25.319357672+00:00,SHAMEERð sent an attachment.,False,False,â¤ï¸,ððªð§ðª,https://www.instagram.com/p/C2HqxlvyGRZdDbcattOtG1PcPKE68VcBOTdUBA0/,"Happy Pongal 2k24ð¥ð
.
.
.
.
.
.
.#mt15#mt15reels #mt15fansclubkerala #mt15modifiedð #mt15lovers #mt15official #mtbike",smart_shameer_143,1970-01-01 00:00:01.705320939+00:00,,7668b6b9a33f991e4044bf936cfe22da,1970,1,1,3,0,1970.0,1.0,1.0,3.0,0.0
SHAMEERð,1970-01-01 00:28:25.291870417+00:00,SHAMEERð sent an attachment.,False,False,,,https://www.instagram.com/reel/C2ECdcIPQ0m/?id=3279757247793401126_64180944780,"à®à®©à®¿à®¯ à®ªà¯à®à¯à®à®²à¯ à®¤à®¿à®°à¯à®¨à®¾à®³à¯ à®¨à®²à¯à®µà®¾à®´à¯à®¤à¯à®¤à¯à®à¯à®à®³à¯ð¾
. 
. 
. 
#like #share #comment 
. 
. 
. 
#tamilitemsongs #tamilactress #tamil #trendingreels #pongal #pongalcelebration #pongal2024",kanni._theevuponnu,,,200a9d8af2522755dc2c5bc8e37a269d,1970,1,1,3,0,,,,,
SHAMEERð,1970-01-01 00:28:25.167193619+00:00,SHAMEERð sent an attachment.,False,False,â¤ï¸,ððªð§ðª,https://www.instagram.com/p/C1PXFNzPSKh/,"Agreeâ
Follow @millionairesmensclub 
Follow @millionairesmensclub 

Background credit goes to respective owner â¤ï¸",millionairesmensclub,1970-01-01 00:00:01.705167632+00:00,,cfcc64b8e6af7a01091422274d641c26,1970,1,1,3,0,1970.0,1.0,1.0,3.0,0.0
SHAMEERð,1970-01-01 00:28:24.978848797+00:00,SHAMEERð sent an attachment.,False,False,,,https://www.instagram.com/reel/C19W2xSSOht/?id=3277876624590694509_47960706087,"ð¤ð«âï¸
#ktm #yamaha #ktmrc390 #yamahamt15 #rc390 #mt15 #ktmofficial #mt15modified #ktmracing #bikes #bikereel #bikelovers #bikelove #ktmfamily #ktm390 #yamahamt #mt15modified #rc390modified #390cc #ktmlover #mtlove #bikeholic #ktmkerala #mt15india #yamaharacing #biketravel #travelling #travelvibes #bikerides #bikerlife #travellife",fuel_holic_390,,,57b579eae12f1b4e33e18431bd4585e2,1970,1,1,3,0,,,,,
SHAMEERð,1970-01-01 00:28:24.728431686+00:00,SHAMEERð sent an attachment.,False,False,ð,ððªð§ðª,https://www.instagram.com/reel/C0yw2_hR56Y/?id=3256880365830643352_47224082153,"Tag that kolaru Frndsððð«
.
#reels #comedy #friends #college #instagramreels #reelsinstagram #foryou #fryoupage #trendingreels #viral #insta",cute_boy_vicky_official,1970-01-01 00:00:01.704728929+00:00,,aa2f2e80ab7fccb53959091178208b6d,1970,1,1,3,0,1970.0,1.0,1.0,3.0,0.0
SHAMEERð,1970-01-01 00:28:24.350903776+00:00,SHAMEERð sent an attachment.,False,False,ð,ððªð§ðª,https://www.instagram.com/reel/CyYuW77xo_S/?id=3213522220450484178_44486757284,"Ivanungala onu sekrade Periya task ah irku ð¶ð¶

#itfun #itmemes #itdoodz #memes #reels #meme #reel #trending #viral #trend #entertainment #instagram #viralreels #trendingreels #instareels #goodvibes #natpu #friends #friendship #weekend #meetup #fun #funny #funnyvideos #video",it_.fun._,1970-01-01 00:00:01.704355267+00:00,,23f366bad4b39e9f1626e8e5adc86606,1970,1,1,3,0,1970.0,1.0,1.0,3.0,0.0
SHAMEERð,1970-01-01 00:28:24.260129417+00:00,SHAMEERð sent an attachment.,False,False,ð,ððªð§ðª,,,,1970-01-01 00:00:01.704264954+00:00,,676a24a0b23773a31295f0fccb5e8ddf,1970,1,1,3,0,1970.0,1.0,1.0,3.0,0.0
SHAMEERð,1970-01-01 00:28:23.219314388+00:00,SHAMEERð sent an attachment.,False,False,,,https://www.instagram.com/reel/C1IyDL-SbXMlH3OxirjvAAx4TW4RSD8JOn9Vlc0/?id=3263078051370087884_41883420783,"One year of RevaNð
22/12/2022ð¤
#mt15fans #mt15 #yamahamt15 #yamahamt #mt15fansclubkerala #mt15modifiedð #mt15india #yamaharacing #mt15addicterz #mt15official #mt15modification #mtbiking #mt15lovers #mt15v2 #mt15gram #mt15accessories #mt15bs6",smart_shameer_143,,,2fed34a1253cab1f91c607f41f60acd0,1970,1,1,3,0,,,,,
SHAMEERð,1970-01-01 00:28:22.394969439+00:00,à®à®à¯à®à®³à¯  à®®à¯à®à¯à®à¯à®à¯à®à¯ â¤ï¸ à®à®© à®à®£à®°à¯à®à¯à®à®¿à®¯à¯ à®µà¯à®³à®¿à®ªà¯à®ªà®à¯à®¤à¯à®¤à®¿à®©à®¾à®°à¯,False,False,,,,,,,,69fc7150e6c5ef2f74ee9f199d98f5a6,1970,1,1,3,0,,,,,
ððªð§ðª,1970-01-01 00:28:22.394947173+00:00,,False,False,â¤ï¸,SHAMEERð,https://instagram.com/stories/gx._.lee/3256247151780998907,,,1970-01-01 00:00:01.702394969+00:00,,fa1aed4b2f481d487eaeae41f2861d21,1970,1,1,3,0,1970.0,1.0,1.0,3.0,0.0
SHAMEERð,1970-01-01 00:28:14.101777321+00:00,May be ð,False,False,,,,,,,,8d7b593bddc1ae3f162a1a8da35d95b7,1970,1,1,3,0,,,,,
ððªð§ðª,1970-01-01 00:28:14.101341229+00:00,Oru veelaa irukumoooð¤,False,False,,,,,,,,13227fbb6fc6a511d0849cc16914087a,1970,1,1,3,0,,,,,
SHAMEERð,1970-01-01 00:28:13.163248103+00:00,à®à®à¯à®à®³à¯  à®®à¯à®à¯à®à¯à®à¯à®à¯ â¤ï¸ à®à®© à®à®£à®°à¯à®à¯à®à®¿à®¯à¯ à®µà¯à®³à®¿à®ªà¯à®ªà®à¯à®¤à¯à®¤à®¿à®©à®¾à®°à¯,False,False,,,,,,,,136ccbb0e8897f7f98010287330800e3,1970,1,1,3,0,,,,,
ððªð§ðª,1970-01-01 00:28:13.163220236+00:00,Thx daa baiiâ¤ï¸,False,False,â¤ï¸,SHAMEERð,,,,1970-01-01 00:00:01.693163248+00:00,,b65244c5204a12d5b6f1040e31816b3a,1970,1,1,3,0,1970.0,1.0,1.0,3.0,0.0
SHAMEERð,1970-01-01 00:28:13.163177388+00:00,HBD BROðð¦ð»,False,False,,,,,,,,34076aec29e818071f704047ff833197,1970,1,1,3,0,,,,,
SHAMEERð,1970-01-01 00:28:01.356071365+00:00,à®à®à¯à®à®³à¯  à®®à¯à®à¯à®à¯à®à¯à®à¯ â¤ï¸ à®à®© à®à®£à®°à¯à®à¯à®à®¿à®¯à¯ à®µà¯à®³à®¿à®ªà¯à®ªà®à¯à®¤à¯à®¤à®¿à®©à®¾à®°à¯,False,False,,,,,,,,89b618d5419189f45b9e0492d404c7cf,1970,1,1,3,0,,,,,
SHAMEERð,1970-01-01 00:28:01.356070444+00:00,Vekuran daa,False,False,â¤ï¸,ððªð§ðª,,,,1970-01-01 00:00:01.681356078+00:00,,4c31a05ff04d10edf791c04777a9b534,1970,1,1,3,0,1970.0,1.0,1.0,3.0,0.0
ððªð§ðª,1970-01-01 00:28:01.356048324+00:00,Treat paaa,False,False,â¤ï¸,SHAMEERð,,,,1970-01-01 00:00:01.681356071+00:00,,9ab4a0d8c177c2535a5c0f115d6dde3f,1970,1,1,3,0,1970.0,1.0,1.0,3.0,0.0
SHAMEERð,1970-01-01 00:28:01.356037465+00:00,Thanks daa ð¤,False,False,,,,,,,,b65915082f0daec7e8dcd679a457b1e7,1970,1,1,3,0,,,,,
SHAMEERð,1970-01-01 00:28:01.356033521+00:00,à®à®à¯à®à®³à¯  à®®à¯à®à¯à®à¯à®à¯à®à¯ â¤ï¸ à®à®© à®à®£à®°à¯à®à¯à®à®¿à®¯à¯ à®µà¯à®³à®¿à®ªà¯à®ªà®à¯à®¤à¯à®¤à®¿à®©à®¾à®°à¯,False,False,,,,,,,,9152f7cc7ad1182642261385640caad9,1970,1,1,3,0,,,,,
ððªð§ðª,1970-01-01 00:28:01.356018041+00:00,You shared a story.,False,False,â¤ï¸,SHAMEERð,https://instagram.com/stories/gx._.lee/3079759857389492645,,,1970-01-01 00:00:01.681356033+00:00,,db810bc76379196e0abf8536e0bb9e7e,1970,1,1,3,0,1970.0,1.0,1.0,3.0,0.0
SHAMEERð,1970-01-01 00:28:00.618395130+00:00,SHAMEERð sent an attachment.,False,False,â¤ï¸,ððªð§ðª,,,,1970-01-01 00:00:01.680621976+00:00,,34aec9cd8ac12021a646e953c72fc487,1970,1,1,3,0,1970.0,1.0,1.0,3.0,0.0
SHAMEERð,1970-01-01 00:27:56.899360665+00:00,à®à®à¯à®à®³à¯  à®®à¯à®à¯à®à¯à®à¯à®à¯ â¤ï¸ à®à®© à®à®£à®°à¯à®à¯à®à®¿à®¯à¯ à®µà¯à®³à®¿à®ªà¯à®ªà®à¯à®¤à¯à®¤à®¿à®©à®¾à®°à¯,False,False,,,,,,,,5b58e233a0fdeb3e4e93d486a8894269,1970,1,1,3,0,,,,,
ððªð§ðª,1970-01-01 00:27:56.899349235+00:00,ðð¤£semma addiii,False,False,â¤ï¸,SHAMEERð,,,,1970-01-01 00:00:01.676899360+00:00,,999f3e9cc909dd3db468994bde08af93,1970,1,1,3,0,1970.0,1.0,1.0,3.0,0.0
SHAMEERð,1970-01-01 00:27:56.899292533+00:00,Nee panna maata athu therium...,False,False,,,,,,,,fe30fc29b548bb3295cbadad8df77e0c,1970,1,1,3,0,,,,,
SHAMEERð,1970-01-01 00:27:56.899284067+00:00,Paithiyom,False,False,,,,,,,,6806834364e00c35caf059837befbf78,1970,1,1,3,0,,,,,
SHAMEERð,1970-01-01 00:27:56.899281207+00:00,Apadi ketkuran daa,False,False,,,,,,,,c9298280fac1d1e6574cb7db23bd0d6d,1970,1,1,3,0,,,,,
SHAMEERð,1970-01-01 00:27:56.899278074+00:00,Un frds,False,False,,,,,,,,8179a98bd28cabee66195ee67de89f6c,1970,1,1,3,0,,,,,
ððªð§ðª,1970-01-01 00:27:56.899228542+00:00,Yara pathu enna kelvi keeta,False,False,,,,,,,,6ed9aed6606b9e2ecfaab9f8055b7949,1970,1,1,3,0,,,,,
SHAMEERð,1970-01-01 00:27:56.899182807+00:00,Daiiii,False,False,,,,,,,,405190dc7fb6455eab2a9c58938541d5,1970,1,1,3,0,,,,,
SHAMEERð,1970-01-01 00:27:56.898714415+00:00,?,False,False,,,,,,,,9c085ec5b84a8b863124e6713f096689,1970,1,1,3,0,,,,,
SHAMEERð,1970-01-01 00:27:56.898713331+00:00,Sarakku yethana saptingala,False,False,,,,,,,,24a40800a40f573572f9b06209b33224,1970,1,1,3,0,,,,,
SHAMEERð,1970-01-01 00:27:56.852130029+00:00,à®à®à¯à®à®³à¯  à®®à¯à®à¯à®à¯à®à¯à®à¯ ð à®à®© à®à®£à®°à¯à®à¯à®à®¿à®¯à¯ à®µà¯à®³à®¿à®ªà¯à®ªà®à¯à®¤à¯à®¤à®¿à®©à®¾à®°à¯,False,False,,,,,,,,56644d416de1eb69e57002d2a95e3836,1970,1,1,3,0,,,,,
ððªð§ðª,1970-01-01 00:27:56.828174433+00:00,Therila da random ah aadunathu tha ð,False,False,ð,SHAMEERð,,,,1970-01-01 00:00:01.676852130+00:00,,3d0d8f5807b6cacc8b52cdeceb37f793,1970,1,1,3,0,1970.0,1.0,1.0,3.0,0.0
SHAMEERð,1970-01-01 00:27:56.825360438+00:00,Ponnu yaaru,False,False,,,https://instagram.com/stories/gx._.lee/3041734833195521834,,,,,bf17c1c78c4c65d9f96b581cc66ad5d8,1970,1,1,3,0,,,,,
ððªð§ðª,1970-01-01 00:27:53.452137722+00:00,ð¤£,False,False,,,,,,,,82dbe3ca561835b4db7738715792d28c,1970,1,1,3,0,,,,,
SHAMEERð,1970-01-01 00:27:53.451865126+00:00,Big fan bro ð,False,False,,,https://instagram.com/stories/gx._.lee/3013446982611985234,,,,,28c1f3d439b275e27eedacf6f5008baa,1970,1,1,3,0,,,,,
SHAMEERð,1970-01-01 00:27:44.900385423+00:00,SHAMEERð sent an attachment.,False,False,â¤ï¸,ððªð§ðª,https://www.instagram.com/reel/CjH175lAZY9/?id=2938554494620898877_4331781549,"Collegeâ¤ï¸
Lyrics says it allâ¨
. 
. 
. 
. 
. 
#reels #instagram #vit #college #gravitas #campusdiaries",__mr__.comrade.__,1970-01-01 00:00:01.664900403+00:00,,c21eed3204127bb9a903711d31a8818c,1970,1,1,3,0,1970.0,1.0,1.0,3.0,0.0
SHAMEERð,1970-01-01 00:27:44.378778571+00:00,SHAMEERð shared a story.,False,False,,,,,imarjundas,,,49bf846af6e4506b6dc20fe05c6606c4,1970,1,1,3,0,,,,,
SHAMEERð,1970-01-01 00:27:44.076761483+00:00,à®à®à¯à®à®³à¯  à®®à¯à®à¯à®à¯à®à¯à®à¯ â¤ï¸ à®à®© à®à®£à®°à¯à®à¯à®à®¿à®¯à¯ à®µà¯à®³à®¿à®ªà¯à®ªà®à¯à®¤à¯à®¤à®¿à®©à®¾à®°à¯,False,False,,,,,,,,fe90a3d81233b4ee716ae501f55f6936,1970,1,1,3,0,,,,,
ððªð§ðª,1970-01-01 00:27:44.076387168+00:00,You shared a story.,False,False,â¤ï¸,SHAMEERð,,,,1970-01-01 00:00:01.664076761+00:00,,8ff6e4005350077fc75a62c5926aecdd,1970,1,1,3,0,1970.0,1.0,1.0,3.0,0.0
SHAMEERð,1970-01-01 00:27:44.076288784+00:00,SHAMEERð shared a story.,False,False,â¤ï¸,ððªð§ðª,,,,1970-01-01 00:00:01.664076358+00:00,,c03caf2a9aa1e54f396934bb50d98c85,1970,1,1,3,0,1970.0,1.0,1.0,3.0,0.0
SHAMEERð,1970-01-01 00:27:43.917574295+00:00,SHAMEERð sent an attachment.,False,False,â¤ï¸,ððªð§ðª,,,,1970-01-01 00:00:01.663919426+00:00,,8f401bde09da0145d5bf0df247dddee8,1970,1,1,3,0,1970.0,1.0,1.0,3.0,0.0
SHAMEERð,1970-01-01 00:27:43.773887468+00:00,SHAMEERð sent an attachment.,False,False,,,https://www.instagram.com/reel/CiT9OBzjLuI/?id=2923949827942038408_38262901630,"Ponnungalukuna Nottuvanðð¶Follow :@smiley_tag

#dhanush #goodmorning #2022 #tamilmemers #tamil #tamilnadu #tamilinsta #kerala #aji#vijay #vijaytv #viratkohli #rohitsharma #anirudh #arrahman #movies #songs #vibes",atleefx,,,66f34907f58de05bf8f9089df4618f20,1970,1,1,3,0,,,,,
SHAMEERð,1970-01-01 00:27:43.771034294+00:00,SHAMEERð sent an attachment.,False,False,â¤ï¸,ððªð§ðª,https://www.instagram.com/reel/CixX6CLLHuT/?id=2932229975529257875_46985476960,"ðvibe panu mchnð aprm padikalam

#zlan_ #_memeparcel_ #tamilmemestroll #tamilreelmemes #tamilreels #kollywood #memestemplates #memetemplates #memetemplate #tamilmemes #tamilmeme #tamilcinema #tamilcomedymemes #tamilcomedymemestamiltroll #tamilfunnymemesð¯ð¯ #tamilmemescreator #tamilfunnyvideo",_memeparcel_,1970-01-01 00:00:01.663771049+00:00,,d4a44ce5e731eda5d18e56a8ad0b23c9,1970,1,1,3,0,1970.0,1.0,1.0,3.0,0.0
SHAMEERð,1970-01-01 00:27:43.085263556+00:00,SHAMEERð sent an attachment.,False,False,,,https://www.instagram.com/reel/CiJibBGsp4M/?id=2921017223519837708_38767915277,"B'coz you are the only one â¤ð¤ tag that special one â£
@mabu_crush 
.
.
#mabucrush #ismail0102 #instadaily #friendship #funny #comedy #livelovelaugh #love #tamil #mc_entertainment",mabu_thalapathy,,,5654d5cbbee4a5264349b967f9b170db,1970,1,1,3,0,,,,,
SHAMEERð,1970-01-01 00:27:42.818436510+00:00,SHAMEERð sent an attachment.,False,False,,,https://www.instagram.com/reel/CiAS6c9jkjh/?id=2918415740200437985_16206187545,"IT life is not easy bro ðð
.
.
#tamilcomedy #comedyreels #comedyvideos #itlife #deskjob #reelsinstagram #reels",kaav_yah,,,97c549857b1e8f027b6d6587911a3ec2,1970,1,1,3,0,,,,,
SHAMEERð,1970-01-01 00:27:42.615943044+00:00,ð,False,False,,,https://instagram.com/stories/gx._.lee/2922465339824601810,,,,,b736a1691e73c580f78dd56853657384,1970,1,1,3,0,,,,,
SHAMEERð,1970-01-01 00:27:42.285625481+00:00,SHAMEERð sent an attachment.,False,False,â¤ï¸,ððªð§ðª,https://www.instagram.com/reel/CfypfkZAu8e/?id=2878545601128230686_8535392473,"Tag that partner ð¥

@vishnu_popzz07 

#bhfyp #comedyvideos #dankmeme #funnymeme #explore #memestagram #anime #hilarious #memer #standupcomedy #haha #youtube #film #followforfollowback #actor #art #movie #podcast #s #movies #entertainment #india #standup #likeforlikes #ol #video #comedymemes #fortnite #drama #comedyclub",vishnu_popzz07,1970-01-01 00:00:01.662285662+00:00,,fa841093da8c9689f95eb97767c3178f,1970,1,1,3,0,1970.0,1.0,1.0,3.0,0.0
ððªð§ðª,1970-01-01 00:27:42.192860504+00:00,ð,False,False,,,,,,,,ce2ab43d3ef42d8d94b2383ee41c3616,1970,1,1,3,0,,,,,
SHAMEERð,1970-01-01 00:27:42.192555366+00:00,SHAMEERð sent an attachment.,False,False,,,https://www.instagram.com/reel/ChtqvaVp8pk/?id=2913172510028057188_45011462536,"ð¤£Admissions atrocitiesð¤£ð¤­ð
Just for Fun ð
#srmtrichy #srmtrp #srmartsandsciencecollege #srmist #srmite #srmuniversity #srmtroll #srmtrollkings #srmprints #tamillovevideosongs #troll #trolls #lovesongstatus 
#lovesongslyrics
#srmtrichy 
#srmartsandsciencecollege 
#srmite 
#playboy 
#sadlove 
#sighting #vijaydevarakonda #vijaytelevision #vj #rj #tamillovevideosongs #tamillovestatus #tamilloveproposal #srmtrichyartsandsciencecollege #tamilactress #tamilbgm #tamilromance #tamilrockers #tamilsongsofficial",srm_trichy_official,,,8742613067dfca0d5e3140dcfe8637f7,1970,1,1,3,0,,,,,
SHAMEERð,1970-01-01 00:27:41.706497727+00:00,Wish u many more happy returns of the day daa ð»ð¤ð¦,False,False,â¤ï¸,ððªð§ðª,,,,1970-01-01 00:00:01.661741732+00:00,,c2a2d9e173073a1df43c5805bcecf9b7,1970,1,1,3,0,1970.0,1.0,1.0,3.0,0.0
SHAMEERð,1970-01-01 00:27:38.556761845+00:00,,False,False,,,,,,,,6bac6536b76daac7286206a0bc8aa764,1970,1,1,3,0,,,,,
SHAMEERð,1970-01-01 00:27:37.945500583+00:00,à®à®à¯à®à®³à¯  à®®à¯à®à¯à®à¯à®à¯à®à¯ â¤ï¸ à®à®© à®à®£à®°à¯à®à¯à®à®¿à®¯à¯ à®µà¯à®³à®¿à®ªà¯à®ªà®à¯à®¤à¯à®¤à®¿à®©à®¾à®°à¯,False,False,,,,,,,,3cf6c4325afe70a05d0e1766efe7e254,1970,1,1,3,0,,,,,
ððªð§ðª,1970-01-01 00:27:37.939715006+00:00,Illa da arni kuu vanthan kasu,False,False,â¤ï¸,SHAMEERð,,,,1970-01-01 00:00:01.657945500+00:00,,9400763f56bee0c5b66437479194cccc,1970,1,1,3,0,1970.0,1.0,1.0,3.0,0.0
SHAMEERð,1970-01-01 00:27:37.901422018+00:00,Naliku venum,False,False,,,,,,,,5e20afb4a506aa85b54e9b09f410b794,1970,1,1,3,0,,,,,
SHAMEERð,1970-01-01 00:27:37.901418466+00:00,100 iruka,False,False,,,,,,,,00a1876cca81cd629e210ff62db617dd,1970,1,1,3,0,,,,,
SHAMEERð,1970-01-01 00:27:37.901414710+00:00,Daiii,False,False,,,,,,,,c5069247d88f779e88b371a5e17a8973,1970,1,1,3,0,,,,,
SHAMEERð,1970-01-01 00:27:37.868365535+00:00,à®à®à¯à®à®³à¯  à®®à¯à®à¯à®à¯à®à¯à®à¯ â¤ï¸ à®à®© à®à®£à®°à¯à®à¯à®à®¿à®¯à¯ à®µà¯à®³à®¿à®ªà¯à®ªà®à¯à®¤à¯à®¤à®¿à®©à®¾à®°à¯,False,False,,,,,,,,087df31d29ef27aec7b5cea9abff1264,1970,1,1,3,0,,,,,
SHAMEERð,1970-01-01 00:27:37.868365008+00:00,à®à®à¯à®à®³à¯  à®®à¯à®à¯à®à¯à®à¯à®à¯ â¤ï¸ à®à®© à®à®£à®°à¯à®à¯à®à®¿à®¯à¯ à®µà¯à®³à®¿à®ªà¯à®ªà®à¯à®¤à¯à®¤à®¿à®©à®¾à®°à¯,False,False,,,,,,,,79d68147a30257144c89701bb4498e95,1970,1,1,3,0,,,,,
ððªð§ðª,1970-01-01 00:27:37.867405448+00:00,La Cse or it,False,False,â¤ï¸,SHAMEERð,,,,1970-01-01 00:00:01.657868365+00:00,,c1ca8cfe18b1fb8be2614d0917d51b3d,1970,1,1,3,0,1970.0,1.0,1.0,3.0,0.0
ððªð§ðª,1970-01-01 00:27:37.867386174+00:00,Engineering,False,False,â¤ï¸,SHAMEERð,,,,1970-01-01 00:00:01.657868365+00:00,,e1f202373ca3a6f08c28d9c5dd697b2a,1970,1,1,3,0,1970.0,1.0,1.0,3.0,0.0
SHAMEERð,1970-01-01 00:27:37.867032382+00:00,?,False,False,,,,,,,,c991e6e4ac5125ee5bb45cdbd6354177,1970,1,1,3,0,,,,,
SHAMEERð,1970-01-01 00:27:37.867031192+00:00,Nee yenna course daa,False,False,,,,,,,,1a1ee866b6bccbde1d1258bfcc71c144,1970,1,1,3,0,,,,,
ððªð§ðª,1970-01-01 00:27:37.867016937+00:00,M,False,False,,,,,,,,734a640d7ff6c328ba4143374dee0f95,1970,1,1,3,0,,,,,
SHAMEERð,1970-01-01 00:27:37.866883792+00:00,4 yrs eligibility,False,False,,,,,,,,b5f5968f17c01af66f6bdd515de0a3fa,1970,1,1,3,0,,,,,
SHAMEERð,1970-01-01 00:27:37.866876866+00:00,Bsc MLT,False,False,,,,,,,,d35dc42eacd17017b5be88cc184d96c4,1970,1,1,3,0,,,,,
SHAMEERð,1970-01-01 00:27:37.866874541+00:00,Illa,False,False,,,,,,,,e25cf8067be0d1e2b24f857aece19a1c,1970,1,1,3,0,,,,,
SHAMEERð,1970-01-01 00:27:37.866832762+00:00,à®à®à¯à®à®³à¯  à®®à¯à®à¯à®à¯à®à¯à®à¯ â¤ï¸ à®à®© à®à®£à®°à¯à®à¯à®à®¿à®¯à¯ à®µà¯à®³à®¿à®ªà¯à®ªà®à¯à®¤à¯à®¤à®¿à®©à®¾à®°à¯,False,False,,,,,,,,a9f59d9961102c11b1b7e5e7bd67c449,1970,1,1,3,0,,,,,
ððªð§ðª,1970-01-01 00:27:37.866832411+00:00,Dmlt aa?,False,False,,,,,,,,fd41809b33876756f632ba33e5734e3d,1970,1,1,3,0,,,,,
ððªð§ðª,1970-01-01 00:27:37.866824238+00:00,M,False,False,â¤ï¸,SHAMEERð,,,,1970-01-01 00:00:01.657866832+00:00,,0e0407cd7c6d9277b0aa23a34770fe52,1970,1,1,3,0,1970.0,1.0,1.0,3.0,0.0
SHAMEERð,1970-01-01 00:27:37.866810027+00:00,Summa vanthan daa College parka,False,False,,,,,,,,60582628ead5706b12ad8f7847765490,1970,1,1,3,0,,,,,
SHAMEERð,1970-01-01 00:27:37.866802998+00:00,Yeppovo aagiduchii daa,False,False,,,,,,,,d63809478e6452343d24728b11384c80,1970,1,1,3,0,,,,,
ððªð§ðª,1970-01-01 00:27:37.866784766+00:00,Admission aaidicha,False,False,,,https://instagram.com/stories/smart_shameer_143/2882708196251563656,,,,,751418c12686bd61d2eee272c3998465,1970,1,1,3,0,,,,,
SHAMEERð,1970-01-01 00:27:37.770638112+00:00,à®à®à¯à®à®³à¯  à®®à¯à®à¯à®à¯à®à¯à®à¯ â¤ï¸ à®à®© à®à®£à®°à¯à®à¯à®à®¿à®¯à¯ à®µà¯à®³à®¿à®ªà¯à®ªà®à¯à®¤à¯à®¤à®¿à®©à®¾à®°à¯,False,False,,,,,,,,7db1c7058b87138aeb262283eaec16c1,1970,1,1,3,0,,,,,
ððªð§ðª,1970-01-01 00:27:37.765826215+00:00,,False,False,â¤ï¸,SHAMEERð,https://instagram.com/stories/gx._.lee/2881870731179504684,,,1970-01-01 00:00:01.657770638+00:00,,6feffcdf31404dce3d14134e818c9cb1,1970,1,1,3,0,1970.0,1.0,1.0,3.0,0.0
SHAMEERð,1970-01-01 00:27:37.762159181+00:00,,False,False,,,,,,,,6750282d632c136a1d2b56f126bf2206,1970,1,1,3,0,,,,,
SHAMEERð,1970-01-01 00:27:37.437959185+00:00,à®à®à¯à®à®³à¯  à®®à¯à®à¯à®à¯à®à¯à®à¯ â¤ï¸ à®à®© à®à®£à®°à¯à®à¯à®à®¿à®¯à¯ à®µà¯à®³à®¿à®ªà¯à®ªà®à¯à®¤à¯à®¤à®¿à®©à®¾à®°à¯,False,False,,,,,,,,eeed2c2004b22040ddc7fccb4662a58f,1970,1,1,3,0,,,,,
ððªð§ðª,1970-01-01 00:27:37.429165002+00:00,,False,False,â¤ï¸,SHAMEERð,,,,1970-01-01 00:00:01.657437959+00:00,,4fcce659c90bfa950e3dc7f22f853fa6,1970,1,1,3,0,1970.0,1.0,1.0,3.0,0.0
SHAMEERð,1970-01-01 00:27:37.175523091+00:00,,False,False,,,,,,,,bf99690d6bb5c98258c93c61eccd5900,1970,1,1,3,0,,,,,
SHAMEERð,1970-01-01 00:27:36.853306466+00:00,à®à®à¯à®à®³à¯  à®®à¯à®à¯à®à¯à®à¯à®à¯ â¤ï¸ à®à®© à®à®£à®°à¯à®à¯à®à®¿à®¯à¯ à®µà¯à®³à®¿à®ªà¯à®ªà®à¯à®¤à¯à®¤à®¿à®©à®¾à®°à¯,False,False,,,,,,,,19588d418071e9ed81a96d6031cf1464,1970,1,1,3,0,,,,,
ððªð§ðª,1970-01-01 00:27:36.830983423+00:00,,False,False,â¤ï¸,SHAMEERð,https://www.instagram.com/p/CfimKqXLw3E/,Enkita GPay pana soli ketingana Vagundu viduven... ð,mokkapostu,1970-01-01 00:00:01.656853306+00:00,,d6c5be349bd4872bad92b37b588b1303,1970,1,1,3,0,1970.0,1.0,1.0,3.0,0.0
SHAMEERð,1970-01-01 00:27:36.817972698+00:00,à®à®à¯à®à®³à¯  à®®à¯à®à¯à®à¯à®à¯à®à¯ â¤ï¸ à®à®© à®à®£à®°à¯à®à¯à®à®¿à®¯à¯ à®µà¯à®³à®¿à®ªà¯à®ªà®à¯à®¤à¯à®¤à®¿à®©à®¾à®°à¯,False,False,,,,,,,,5e4ded97a4234bf98a24d5a31916ea0d,1970,1,1,3,0,,,,,
ððªð§ðª,1970-01-01 00:27:36.812247743+00:00,,False,False,â¤ï¸,SHAMEERð,https://instagram.com/stories/gx._.lee/2873871581930347017,,,1970-01-01 00:00:01.656817972+00:00,,411cc23f2e1a429f25b90f402303fe08,1970,1,1,3,0,1970.0,1.0,1.0,3.0,0.0
SHAMEERð,1970-01-01 00:27:36.773231397+00:00,,False,False,,,,,,,,2a5be078d0d8a723be7e4c08fef11489,1970,1,1,3,0,,,,,
SHAMEERð,1970-01-01 00:27:36.591779815+00:00,à®à®à¯à®à®³à¯  à®®à¯à®à¯à®à¯à®à¯à®à¯ â¤ï¸ à®à®© à®à®£à®°à¯à®à¯à®à®¿à®¯à¯ à®µà¯à®³à®¿à®ªà¯à®ªà®à¯à®¤à¯à®¤à®¿à®©à®¾à®°à¯,False,False,,,,,,,,338eb17596f469ca2c627168a6a5438c,1970,1,1,3,0,,,,,
ððªð§ðª,1970-01-01 00:27:36.591564015+00:00,,False,False,â¤ï¸,SHAMEERð,,,,1970-01-01 00:00:01.656591779+00:00,,2355f86cfda94ab6e645cfced9d5c993,1970,1,1,3,0,1970.0,1.0,1.0,3.0,0.0
SHAMEERð,1970-01-01 00:27:36.485616237+00:00,à®à®à¯à®à®³à¯  à®®à¯à®à¯à®à¯à®à¯à®à¯ â¤ï¸ à®à®© à®à®£à®°à¯à®à¯à®à®¿à®¯à¯ à®µà¯à®³à®¿à®ªà¯à®ªà®à¯à®¤à¯à®¤à®¿à®©à®¾à®°à¯,False,False,,,,,,,,53dc0e6b22578063584a3945cc49bd7b,1970,1,1,3,0,,,,,
SHAMEERð,1970-01-01 00:27:36.485580333+00:00,Naa daa dp athu,False,False,,,,,,,,454302043a04e4f15f69a8f9b4550f37,1970,1,1,3,0,,,,,
ððªð§ðª,1970-01-01 00:27:36.485541358+00:00,,False,False,â¤ï¸,SHAMEERð,,,,1970-01-01 00:00:01.656485616+00:00,,92d4808d384702b74dcb7cbb30809577,1970,1,1,3,0,1970.0,1.0,1.0,3.0,0.0
SHAMEERð,1970-01-01 00:27:36.485352476+00:00,à®à®à¯à®à®³à¯  à®®à¯à®à¯à®à¯à®à¯à®à¯ â¤ï¸ à®à®© à®à®£à®°à¯à®à¯à®à®¿à®¯à¯ à®µà¯à®³à®¿à®ªà¯à®ªà®à¯à®¤à¯à®¤à®¿à®©à®¾à®°à¯,False,False,,,,,,,,427e60f2faa6d105725290c08d36ef77,1970,1,1,3,0,,,,,
ððªð§ðª,1970-01-01 00:27:36.484861646+00:00,,False,False,â¤ï¸,SHAMEERð,,,,1970-01-01 00:00:01.656485352+00:00,,0e693680959dca1219627d57c62e9771,1970,1,1,3,0,1970.0,1.0,1.0,3.0,0.0
SHAMEERð,1970-01-01 00:27:36.342458700+00:00,à®à®à¯à®à®³à¯  à®®à¯à®à¯à®à¯à®à¯à®à¯ â¤ï¸ à®à®© à®à®£à®°à¯à®à¯à®à®¿à®¯à¯ à®µà¯à®³à®¿à®ªà¯à®ªà®à¯à®¤à¯à®¤à®¿à®©à®¾à®°à¯,False,False,,,,,,,,5aaabe54f01dc8bf85864563bfd5435d,1970,1,1,3,0,,,,,
ððªð§ðª,1970-01-01 00:27:36.340986547+00:00,,False,False,â¤ï¸,SHAMEERð,,,,1970-01-01 00:00:01.656342458+00:00,,8ae2dbea16c95a9389d2452234b39d56,1970,1,1,3,0,1970.0,1.0,1.0,3.0,0.0
SHAMEERð,1970-01-01 00:27:36.316487349+00:00,à®à®à¯à®à®³à¯  à®®à¯à®à¯à®à¯à®à¯à®à¯ â¤ï¸ à®à®© à®à®£à®°à¯à®à¯à®à®¿à®¯à¯ à®µà¯à®³à®¿à®ªà¯à®ªà®à¯à®¤à¯à®¤à®¿à®©à®¾à®°à¯,False,False,,,,,,,,2b9b6eaa2b8d11c9a14d1bdfd24585c4,1970,1,1,3,0,,,,,
ððªð§ðª,1970-01-01 00:27:36.316409152+00:00,,False,False,â¤ï¸,SHAMEERð,,,,1970-01-01 00:00:01.656316487+00:00,,40c170bfe998e15cf804f211bfdd9d7e,1970,1,1,3,0,1970.0,1.0,1.0,3.0,0.0
SHAMEERð,1970-01-01 00:27:36.255006930+00:00,à®à®à¯à®à®³à¯  à®®à¯à®à¯à®à¯à®à¯à®à¯ â¤ï¸ à®à®© à®à®£à®°à¯à®à¯à®à®¿à®¯à¯ à®µà¯à®³à®¿à®ªà¯à®ªà®à¯à®¤à¯à®¤à®¿à®©à®¾à®°à¯,False,False,,,,,,,,3b390add66c38a62ee56e580a808f6d4,1970,1,1,3,0,,,,,
ððªð§ðª,1970-01-01 00:27:36.253628824+00:00,,False,False,â¤ï¸,SHAMEERð,,,,1970-01-01 00:00:01.656255006+00:00,,13f142a95d741dc65e88ba033e08fb8b,1970,1,1,3,0,1970.0,1.0,1.0,3.0,0.0
SHAMEERð,1970-01-01 00:27:35.820366965+00:00,,False,False,â¤ï¸,ððªð§ðª,https://www.instagram.com/p/CeOkPALD17t/,"Tag that Cashierðð¤ª
Use headphones for better experience
Watch it fullyâï¸
Share to allð . .
#tamilsongcover#tamilalone#tamilmusicvideo#tamilmusiclover#yaaroyaaro#tamillovedialogue #sadsongs #sadeditsâ«ï¸ #hatemylife #musicallyloverâ¤ï¸#mashupedits #tamilmotivationalsongs#tamil_bgm#athulyafans#maanadu #sjsurya #valimai #tamilalonequotes  #bgmaddict #sothanaigal #nakkalites #memes #beast #parithabangal #girlslife #samantha #bachelor #rrr #sadposts 
FÃLLÃW more
@_as_bgm
@nithin_bgm_offl_ 
@fav.bgms 
@kuruvi_beats_official 
@lass._.e.d.i.t.s 
@ajcreations.in 
@tn63_beatz_3.0 
Please support us friends
support us friends
Don't unfollow us
Please support us friends
Don't unfollow usFollow for more videos
Feel the bgm 
Follow & support  @_rs_bgms_official",tamil.memes.only,1970-01-01 00:00:01.655821201+00:00,,50344ad132d9e3e616d67b774564181f,1970,1,1,3,0,1970.0,1.0,1.0,3.0,0.0
SHAMEERð,1970-01-01 00:27:35.734720447+00:00,à®à®à¯à®à®³à¯  à®®à¯à®à¯à®à¯à®à¯à®à¯ â¤ï¸ à®à®© à®à®£à®°à¯à®à¯à®à®¿à®¯à¯ à®µà¯à®³à®¿à®ªà¯à®ªà®à¯à®¤à¯à®¤à®¿à®©à®¾à®°à¯,False,False,,,,,,,,7edb6a0e137e2fda40000bd7d6221639,1970,1,1,3,0,,,,,
ððªð§ðª,1970-01-01 00:27:35.734554922+00:00,,False,False,â¤ï¸,SHAMEERð,https://instagram.com/stories/gx._.lee/2864829081980358661,,,1970-01-01 00:00:01.655734720+00:00,,ca975518e210085447b2a77810dd01e9,1970,1,1,3,0,1970.0,1.0,1.0,3.0,0.0
SHAMEERð,1970-01-01 00:27:35.732891443+00:00,,False,False,,,https://instagram.com/stories/smart_shameer_143/2864817330631710938,,,,,3683924294be1ceee65a30a2d1c2a988,1970,1,1,3,0,,,,,
SHAMEERð,1970-01-01 00:27:35.357304577+00:00,,False,False,,,,,,,,df5bb6333d6c0b8e59c78aaed0d05e79,1970,1,1,3,0,,,,,
SHAMEERð,1970-01-01 00:27:35.357282372+00:00,à®à®à¯à®à®³à¯  à®®à¯à®à¯à®à¯à®à¯à®à¯ â¤ï¸ à®à®© à®à®£à®°à¯à®à¯à®à®¿à®¯à¯ à®µà¯à®³à®¿à®ªà¯à®ªà®à¯à®¤à¯à®¤à®¿à®©à®¾à®°à¯,False,False,,,,,,,,a0dc9d5329fd5384de5864b563cc7cfe,1970,1,1,3,0,,,,,
ððªð§ðª,1970-01-01 00:27:35.355064792+00:00,,False,False,â¤ï¸,SHAMEERð,https://instagram.com/stories/gx._.lee/2861648023082939437,,,1970-01-01 00:00:01.655357282+00:00,,24b8b01240f34913dcc87e27f9c0933a,1970,1,1,3,0,1970.0,1.0,1.0,3.0,0.0
SHAMEERð,1970-01-01 00:27:35.351184822+00:00,,False,False,,,https://www.instagram.com/p/CeyNfpYv0AJ/,Tag ur ðð,js.__.lovzz.______,,,bdc0409f2808d981c724a4ce5e18a59a,1970,1,1,3,0,,,,,
SHAMEERð,1970-01-01 00:27:35.312286327+00:00,,False,False,â¤ï¸,ððªð§ðª,https://www.instagram.com/p/Ce1VNLnP6EsHy3BK8ExkwBo3hSxCoOu13WFY5A0/,"TAG UR GANG...ðºð«ð»
.
.
.
.
.
#friendshipquotes #machan #natpusongs #heaven #tamilsongs",smart_shameer_143,1970-01-01 00:00:01.655355045+00:00,,2c5b4ed74739a2b56ac4141e36693ca1,1970,1,1,3,0,1970.0,1.0,1.0,3.0,0.0
SHAMEERð,1970-01-01 00:27:35.042460122+00:00,,False,False,â¤ï¸,ððªð§ðª,https://www.instagram.com/p/CetS5-hPTyL5y5SzR9jpCCf_of5GgCfwXuUMSo0/?carousel_share_child_media_id=2859024487427161227_41883420783,"WORK HARD TO GET A GOOD RESULT....ðð¤ð«
.
.
.
.
.@smart_shameer_143
.
#tamil #ktm #ktmlove #loveyourself #friendshipbracelets #ktmofficial",smart_shameer_143,1970-01-01 00:00:01.655047389+00:00,,7fc43e0b97d88ba8ee720f758141b109,1970,1,1,3,0,1970.0,1.0,1.0,3.0,0.0
ððªð§ðª,1970-01-01 00:27:34.948528722+00:00,,False,False,,,,,,,,b8ad8fc79fe4b56a7536e25dd2ecc8fe,1970,1,1,3,0,,,,,
SHAMEERð,1970-01-01 00:27:34.705502791+00:00,,False,False,â¤ï¸,ððªð§ðª,https://www.instagram.com/p/CejI7UgvKPRZQfF1DQNaBhXO6hqN39m4_cnrHs0/?carousel_share_child_media_id=2856165849528312785_41883420783,"BELIEVE IN YUORSELF AND
EVERYTHING IS POSSIBLE...ðð«ð¤",smart_shameer_143,1970-01-01 00:00:01.654741782+00:00,,e7a7cb24b76d5973284cb3bd187815d4,1970,1,1,3,0,1970.0,1.0,1.0,3.0,0.0
SHAMEERð,1970-01-01 00:27:34.608576437+00:00,à®à®à¯à®à®³à¯  à®®à¯à®à¯à®à¯à®à¯à®à¯ â¤ï¸ à®à®© à®à®£à®°à¯à®à¯à®à®¿à®¯à¯ à®µà¯à®³à®¿à®ªà¯à®ªà®à¯à®¤à¯à®¤à®¿à®©à®¾à®°à¯,False,False,,,,,,,,36afd8f8020708ed2f986dbb0ce71b17,1970,1,1,3,0,,,,,
ððªð§ðª,1970-01-01 00:27:34.606950144+00:00,,False,False,â¤ï¸,SHAMEERð,https://www.instagram.com/p/CegT4dpJTKB/,"Kalyanathula prechana panama vida maten dað
_vishal_sammy_",vera_level_memes,1970-01-01 00:00:01.654608576+00:00,,ed4a8a497c2226799b530150e4bf119e,1970,1,1,3,0,1970.0,1.0,1.0,3.0,0.0
SHAMEERð,1970-01-01 00:27:34.595641067+00:00,à®à®à¯à®à®³à¯  à®®à¯à®à¯à®à¯à®à¯à®à¯ â¤ï¸ à®à®© à®à®£à®°à¯à®à¯à®à®¿à®¯à¯ à®µà¯à®³à®¿à®ªà¯à®ªà®à¯à®¤à¯à®¤à®¿à®©à®¾à®°à¯,False,False,,,,,,,,9ef69bad82774040d2010a453e6349d1,1970,1,1,3,0,,,,,
ððªð§ðª,1970-01-01 00:27:34.595480405+00:00,,False,False,â¤ï¸,SHAMEERð,https://www.instagram.com/p/CefkfRFN_sI/,Etana peruku adi Vila podo. ð¶,mokkapostu,1970-01-01 00:00:01.654595641+00:00,,25387472af218a8f9240031c3da535ce,1970,1,1,3,0,1970.0,1.0,1.0,3.0,0.0
SHAMEERð,1970-01-01 00:27:34.425118709+00:00,à®à®à¯à®à®³à¯  à®®à¯à®à¯à®à¯à®à¯à®à¯ â¤ï¸ à®à®© à®à®£à®°à¯à®à¯à®à®¿à®¯à¯ à®µà¯à®³à®¿à®ªà¯à®ªà®à¯à®¤à¯à®¤à®¿à®©à®¾à®°à¯,False,False,,,,,,,,812a8f747f4db966dcfe2c556216f8ca,1970,1,1,3,0,,,,,
ððªð§ðª,1970-01-01 00:27:34.424882732+00:00,,False,False,â¤ï¸,SHAMEERð,https://www.instagram.com/p/Cd3ZGeiPvZR/,"ece lab practical examðððð

#tamilstatus
#vadivasal
#anirudhsongs
#kvrk

#teakadaiset
#dhanush
#arrahman
#chennaimemes
#sivakarthikeyan
#sivaangi
#thalapathyvijay
#tamilmemes
#priyankamohan
#tamilcinema
#thalapathy66
#donmovie
#kavin
#u1songs
#thala
#tamilvibes

#gvp #valimai #tamilreels  #tamiltrolls #anirudhsongs #suryaanna  #sjsurya #vjs #vikram",tea_kadai_set,1970-01-01 00:00:01.654425118+00:00,,d5de536c13bf3c49c2ba97944d52f2e8,1970,1,1,3,0,1970.0,1.0,1.0,3.0,0.0
SHAMEERð,1970-01-01 00:27:34.403582019+00:00,ð,False,False,,,,,,,,ee4b38924faa3b26467a77c8ec4baf1c,1970,1,1,3,0,,,,,
SHAMEERð,1970-01-01 00:27:34.403575084+00:00,à®à®à¯à®à®³à¯  à®®à¯à®à¯à®à¯à®à¯à®à¯ â¤ï¸ à®à®© à®à®£à®°à¯à®à¯à®à®¿à®¯à¯ à®µà¯à®³à®¿à®ªà¯à®ªà®à¯à®¤à¯à®¤à®¿à®©à®¾à®°à¯,False,False,,,,,,,,9ce415388c767e6a8a0eaa157b78bdbd,1970,1,1,3,0,,,,,
ððªð§ðª,1970-01-01 00:27:34.399856587+00:00,,False,False,â¤ï¸,SHAMEERð,,,,1970-01-01 00:00:01.654403575+00:00,,de14908e4eabe32cbc99db5bdc9d8138,1970,1,1,3,0,1970.0,1.0,1.0,3.0,0.0
SHAMEERð,1970-01-01 00:27:34.265058258+00:00,à®à®à¯à®à®³à¯  à®®à¯à®à¯à®à¯à®à¯à®à¯ â¤ï¸ à®à®© à®à®£à®°à¯à®à¯à®à®¿à®¯à¯ à®µà¯à®³à®¿à®ªà¯à®ªà®à¯à®¤à¯à®¤à®¿à®©à®¾à®°à¯,False,False,,,,,,,,a27742ae233e8a64b72b2941631f8aec,1970,1,1,3,0,,,,,
ððªð§ðª,1970-01-01 00:27:34.264889494+00:00,,False,False,â¤ï¸,SHAMEERð,https://instagram.com/stories/gx._.lee/2852502990995577985,,,1970-01-01 00:00:01.654265058+00:00,,aa776408aefd81c2a43dce9bb4d7f963,1970,1,1,3,0,1970.0,1.0,1.0,3.0,0.0
SHAMEERð,1970-01-01 00:27:34.263031344+00:00,,False,False,,,https://instagram.com/stories/smart_shameer_143/2852487179830409134,,,,,99b2f1e72c674d9a06fec382369eba6a,1970,1,1,3,0,,,,,
SHAMEERð,1970-01-01 00:27:34.231596527+00:00,à®à®à¯à®à®³à¯  à®®à¯à®à¯à®à¯à®à¯à®à¯ â¤ï¸ à®à®© à®à®£à®°à¯à®à¯à®à®¿à®¯à¯ à®µà¯à®³à®¿à®ªà¯à®ªà®à¯à®¤à¯à®¤à®¿à®©à®¾à®°à¯,False,False,,,,,,,,2d10a05fee7409c6c3903530db744ed9,1970,1,1,3,0,,,,,
ððªð§ðª,1970-01-01 00:27:34.231495875+00:00,,False,False,â¤ï¸,SHAMEERð,,,,1970-01-01 00:00:01.654231596+00:00,,f8c5cf39b279c128f88812595eb32adf,1970,1,1,3,0,1970.0,1.0,1.0,3.0,0.0
SHAMEERð,1970-01-01 00:27:34.100308886+00:00,,False,False,â¤ï¸,ððªð§ðª,,,,1970-01-01 00:00:01.654101518+00:00,,ba0797ee04a30e3b5c901aaa8754b371,1970,1,1,3,0,1970.0,1.0,1.0,3.0,0.0
SHAMEERð,1970-01-01 00:27:34.089282631+00:00,à®à®à¯à®à®³à¯  à®®à¯à®à¯à®à¯à®à¯à®à¯ â¤ï¸ à®à®© à®à®£à®°à¯à®à¯à®à®¿à®¯à¯ à®µà¯à®³à®¿à®ªà¯à®ªà®à¯à®¤à¯à®¤à®¿à®©à®¾à®°à¯,False,False,,,,,,,,0373ad3f24c9ef242471994ecfcca0c1,1970,1,1,3,0,,,,,
SHAMEERð,1970-01-01 00:27:34.089281722+00:00,ð,False,False,,,,,,,,5755f5d46991decc23e48b15c58f9404,1970,1,1,3,0,,,,,
ððªð§ðª,1970-01-01 00:27:34.089183382+00:00,,False,False,â¤ï¸,SHAMEERð,https://www.instagram.com/p/CeOkPALD17t/,"Tag that Cashierðð¤ª
Use headphones for better experience
Watch it fullyâï¸
Share to allð . .
#tamilsongcover#tamilalone#tamilmusicvideo#tamilmusiclover#yaaroyaaro#tamillovedialogue #sadsongs #sadeditsâ«ï¸ #hatemylife #musicallyloverâ¤ï¸#mashupedits #tamilmotivationalsongs#tamil_bgm#athulyafans#maanadu #sjsurya #valimai #tamilalonequotes  #bgmaddict #sothanaigal #nakkalites #memes #beast #parithabangal #girlslife #samantha #bachelor #rrr #sadposts 
FÃLLÃW more
@_as_bgm
@nithin_bgm_offl_ 
@fav.bgms 
@kuruvi_beats_official 
@lass._.e.d.i.t.s 
@ajcreations.in 
@tn63_beatz_3.0 
Please support us friends
support us friends
Don't unfollow us
Please support us friends
Don't unfollow usFollow for more videos
Feel the bgm 
Follow & support  @_rs_bgms_official",tamil.memes.only,1970-01-01 00:00:01.654089282+00:00,,8729d2e6aed75ddfb18b5baedfb8667c,1970,1,1,3,0,1970.0,1.0,1.0,3.0,0.0
SHAMEERð,1970-01-01 00:27:34.078025612+00:00,à®à®à¯à®à®³à¯  à®®à¯à®à¯à®à¯à®à¯à®à¯ â¤ï¸ à®à®© à®à®£à®°à¯à®à¯à®à®¿à®¯à¯ à®µà¯à®³à®¿à®ªà¯à®ªà®à¯à®¤à¯à®¤à®¿à®©à®¾à®°à¯,False,False,,,,,,,,5d6ded795fc5f5f3edc08642d3ba119e,1970,1,1,3,0,,,,,
ððªð§ðª,1970-01-01 00:27:34.076388373+00:00,M,False,False,â¤ï¸,SHAMEERð,,,,1970-01-01 00:00:01.654078025+00:00,,a8dfbc4aa50aba15844a3b3bf63d0881,1970,1,1,3,0,1970.0,1.0,1.0,3.0,0.0
SHAMEERð,1970-01-01 00:27:34.075637824+00:00,Enaku ticket neethana pota,False,False,,,https://instagram.com/stories/gx._.lee/2850905476181767096,,,,,36fe84db227c4f59f52dc0ca744b7831,1970,1,1,3,0,,,,,
SHAMEERð,1970-01-01 00:27:34.075577161+00:00,à®à®à¯à®à®³à¯  à®®à¯à®à¯à®à¯à®à¯à®à¯ â¤ï¸ à®à®© à®à®£à®°à¯à®à¯à®à®¿à®¯à¯ à®µà¯à®³à®¿à®ªà¯à®ªà®à¯à®¤à¯à®¤à®¿à®©à®¾à®°à¯,False,False,,,,,,,,f333f2e1a47f369caae5f5c4f4cff6a5,1970,1,1,3,0,,,,,
ððªð§ðª,1970-01-01 00:27:34.074448457+00:00,,False,False,â¤ï¸,SHAMEERð,https://instagram.com/stories/gx._.lee/2850905476181767096,,,1970-01-01 00:00:01.654075577+00:00,,25431174b0e031eda6a9e1d5e44bfb3d,1970,1,1,3,0,1970.0,1.0,1.0,3.0,0.0
SHAMEERð,1970-01-01 00:27:34.074280949+00:00,,False,False,,,,,,,,94e1cc145b305ff262af876b6f27c90d,1970,1,1,3,0,,,,,
SHAMEERð,1970-01-01 00:27:34.003666445+00:00,Yaarula varinga,False,False,,,,,,,,c9a2d085a9d29b6ff0a761bea07a9b0c,1970,1,1,3,0,,,,,
SHAMEERð,1970-01-01 00:27:34.003657900+00:00,Sariii,False,False,,,,,,,,6154ca7e2d5d9f78477ae49f1ebbda33,1970,1,1,3,0,,,,,
SHAMEERð,1970-01-01 00:27:34.003656263+00:00,Mmm,False,False,,,,,,,,92dae9513ed50bbd6a3b4937b482ae69,1970,1,1,3,0,,,,,
ððªð§ðª,1970-01-01 00:27:34.002828640+00:00,Nallaki pooi book pannroam,False,False,,,,,,,,1c6ea88ea630d9fe6c577acea1f831fb,1970,1,1,3,0,,,,,
ððªð§ðª,1970-01-01 00:27:34.002803843+00:00,Ticket open pannitigaa,False,False,,,,,,,,fdc6462aa5c51ee00122f94fcd2d9f75,1970,1,1,3,0,,,,,
ððªð§ðª,1970-01-01 00:27:34.002784472+00:00,Bai,False,False,,,,,,,,e38fb2c371cdc3eec6d3e7064514c973,1970,1,1,3,0,,,,,
SHAMEERð,1970-01-01 00:27:33.999141339+00:00,Enaku ticket potiya,False,False,,,,,,,,ecd0dc4a6c5ee59bd22e8989fc569d31,1970,1,1,3,0,,,,,
SHAMEERð,1970-01-01 00:27:33.999126281+00:00,à®à®à¯à®à®³à¯  à®®à¯à®à¯à®à¯à®à¯à®à¯ â¤ï¸ à®à®© à®à®£à®°à¯à®à¯à®à®¿à®¯à¯ à®µà¯à®³à®¿à®ªà¯à®ªà®à¯à®¤à¯à®¤à®¿à®©à®¾à®°à¯,False,False,,,,,,,,9f0755fa2b16fd8e5b2a14af62583fca,1970,1,1,3,0,,,,,
ððªð§ðª,1970-01-01 00:27:33.993263647+00:00,,False,False,â¤ï¸,SHAMEERð,,,,1970-01-01 00:00:01.653999126+00:00,,2636d7b1c517de2c1ca9667e436bce72,1970,1,1,3,0,1970.0,1.0,1.0,3.0,0.0
SHAMEERð,1970-01-01 00:27:33.914856409+00:00,2 clock show vaa,False,False,,,,,,,,5118e7e0ca9027a0e306676918b41213,1970,1,1,3,0,,,,,
SHAMEERð,1970-01-01 00:27:33.914850666+00:00,Soldra,False,False,,,,,,,,b2cfe38f11ba00f6b7d1f387833378ad,1970,1,1,3,0,,,,,
SHAMEERð,1970-01-01 00:27:33.914849300+00:00,Mmm,False,False,,,,,,,,60382d8b70125556a86e89fe97290a5e,1970,1,1,3,0,,,,,
ððªð§ðª,1970-01-01 00:27:33.914835892+00:00,Thala,False,False,,,,,,,,affa53e337f2653c1a8b99e90029f89b,1970,1,1,3,0,,,,,
ððªð§ðª,1970-01-01 00:27:33.892676807+00:00,ð,False,False,,,,,,,,9ed953a126beee9f3153258ae71a473e,1970,1,1,3,0,,,,,
SHAMEERð,1970-01-01 00:27:33.892503371+00:00,,False,False,â¤ï¸,ððªð§ðª,,,,1970-01-01 00:00:01.653892669+00:00,,05e89f331fbeacd4a08772d9b9457fc6,1970,1,1,3,0,1970.0,1.0,1.0,3.0,0.0
SHAMEERð,1970-01-01 00:27:33.832367640+00:00,à®à®à¯à®à®³à¯  à®®à¯à®à¯à®à¯à®à¯à®à¯ â¤ï¸ à®à®© à®à®£à®°à¯à®à¯à®à®¿à®¯à¯ à®µà¯à®³à®¿à®ªà¯à®ªà®à¯à®¤à¯à®¤à®¿à®©à®¾à®°à¯,False,False,,,,,,,,a26f893cd767f49437ac9e1e238c8d05,1970,1,1,3,0,,,,,
ððªð§ðª,1970-01-01 00:27:33.832277732+00:00,Naaga 10 pearuuu irukkooom,False,False,â¤ï¸,SHAMEERð,,,,1970-01-01 00:00:01.653832367+00:00,,da3eb206730a8604593d63e634840287,1970,1,1,3,0,1970.0,1.0,1.0,3.0,0.0
SHAMEERð,1970-01-01 00:27:33.832197508+00:00,Varavanga varatum,False,False,,,,,,,,ec559797364782bf8da7e35b80ae75e2,1970,1,1,3,0,,,,,
SHAMEERð,1970-01-01 00:27:33.832193688+00:00,Pathukalam,False,False,,,,,,,,37882c962b6bd0dc16bd7ef04d7087d5,1970,1,1,3,0,,,,,
ððªð§ðª,1970-01-01 00:27:33.832182258+00:00,Ellarum vaara mudiyummaa,False,False,,,,,,,,1640501905336c63fd374e3817f2ce17,1970,1,1,3,0,,,,,
ððªð§ðª,1970-01-01 00:27:33.832167290+00:00,M,False,False,,,,,,,,28b064476f9fedfe312c38e8ea288b17,1970,1,1,3,0,,,,,
SHAMEERð,1970-01-01 00:27:33.832160504+00:00,Aagum,False,False,,,,,,,,324692bb3092b67e4c11b895fd6f7160,1970,1,1,3,0,,,,,
SHAMEERð,1970-01-01 00:27:33.832158873+00:00,9.30,False,False,,,,,,,,9c21727fe6fec2ac832dad0afbfafe0b,1970,1,1,3,0,,,,,
ððªð§ðª,1970-01-01 00:27:33.832137053+00:00,Eppa mudiyum,False,False,,,,,,,,9d969c631b1550d0bb06cdb7b3064962,1970,1,1,3,0,,,,,
SHAMEERð,1970-01-01 00:27:33.832123711+00:00,6 clock,False,False,,,,,,,,f25e906819b78c69820ee7593663d65f,1970,1,1,3,0,,,,,
SHAMEERð,1970-01-01 00:27:33.832120268+00:00,Eve polam daa,False,False,,,,,,,,7f2e18c40ce9d09bdfd65ee0998feb5b,1970,1,1,3,0,,,,,
SHAMEERð,1970-01-01 00:27:33.832116091+00:00,à®à®à¯à®à®³à¯  à®®à¯à®à¯à®à¯à®à¯à®à¯ â¤ï¸ à®à®© à®à®£à®°à¯à®à¯à®à®¿à®¯à¯ à®µà¯à®³à®¿à®ªà¯à®ªà®à¯à®¤à¯à®¤à®¿à®©à®¾à®°à¯,False,False,,,,,,,,ee8d7ad293ec0de0ad2546ce1eea2849,1970,1,1,3,0,,,,,
ððªð§ðª,1970-01-01 00:27:33.832105407+00:00,2:30 maani show kuu pooolam,False,False,,,,,,,,55b7e3644727bd9da4b08c349dfa9666,1970,1,1,3,0,,,,,
ððªð§ðª,1970-01-01 00:27:33.832058319+00:00,June 2 Naanum channum poi book panni tuu varraroom,False,False,â¤ï¸,SHAMEERð,,,,1970-01-01 00:00:01.653832116+00:00,,0ae1c6adfcd877ba30a7007a0b70cae9,1970,1,1,3,0,1970.0,1.0,1.0,3.0,0.0
SHAMEERð,1970-01-01 00:27:33.832046488+00:00,,False,False,,,,,,,,fed7774a036fa628440110680b3c90e3,1970,1,1,3,0,,,,,
ððªð§ðª,1970-01-01 00:27:33.832030226+00:00,Eppa booking open aaagum,False,False,,,,,,,,88a80336b397959d7462f185f127aa72,1970,1,1,3,0,,,,,
ððªð§ðª,1970-01-01 00:27:33.831984010+00:00,à®à®à®¿à®¯à¯ à®à®´à¯à®ªà¯à®ªà¯ à®®à¯à®à®¿à®¨à¯à®¤à®¤à¯,False,False,,,,,,,0.0,8c5b0e489538fa45183e04c175d84b65,1970,1,1,3,0,,,,,
ððªð§ðª,1970-01-01 00:27:33.831975628+00:00,à®à®à®¿à®¯à¯ à®à®´à¯à®ªà¯à®ªà¯à®¤à¯ à®¤à¯à®à®à¯à®à®¿à®¯à¯à®³à¯à®³à¯à®°à¯à®à®³à¯,False,False,,,,,,,,fbc7e6f64bf12d9e7a8a7dbf9c00a474,1970,1,1,3,0,,,,,
ððªð§ðª,1970-01-01 00:27:33.831965845+00:00,M,False,False,,,,,,,,daa64269554ec8d4c76273f6ec493f49,1970,1,1,3,0,,,,,
SHAMEERð,1970-01-01 00:27:33.831635651+00:00,?,False,False,,,,,,,,06d0aecc9f229626b0b46a1e47955f68,1970,1,1,3,0,,,,,
SHAMEERð,1970-01-01 00:27:33.831634660+00:00,Movie porom thana,False,False,,,,,,,,c3db7ea7917733d6f302f2c6cec72b08,1970,1,1,3,0,,,,,
SHAMEERð,1970-01-01 00:27:33.831628701+00:00,Daiii,False,False,,,,,,,,fabcfa6d3408c2fa26cc39387798276b,1970,1,1,3,0,,,,,
ððªð§ðª,1970-01-01 00:27:33.633679386+00:00,M,False,False,,,,,,,,b5afbecab0a69e3353dbc97f68b67d3c,1970,1,1,3,0,,,,,
SHAMEERð,1970-01-01 00:27:33.633671678+00:00,Lab technician,False,False,,,,,,,,079bc9b4fae27ebed9e68a84aadcbedc,1970,1,1,3,0,,,,,
SHAMEERð,1970-01-01 00:27:33.633660193+00:00,MLT,False,False,,,,,,,,0e421b7ef27e2d201c0a38fb71afca38,1970,1,1,3,0,,,,,
SHAMEERð,1970-01-01 00:27:33.633654976+00:00,Medical,False,False,,,,,,,,dbe589c92f0f8f06ead37e17a0f13005,1970,1,1,3,0,,,,,
ððªð§ðª,1970-01-01 00:27:33.633636829+00:00,Enna course join panni irruka,False,False,,,,,,,,0b61fd6c897e1ccb7658efec3884c85d,1970,1,1,3,0,,,,,
SHAMEERð,1970-01-01 00:27:33.631758629+00:00,,False,False,,,,,,,,c7ccda09161a49c2602cbf8d17634706,1970,1,1,3,0,,,,,
SHAMEERð,1970-01-01 00:27:33.576215043+00:00,?,False,False,,,,,,,,a4a8479698cff684c2a70bfca15b0ec7,1970,1,1,3,0,,,,,
SHAMEERð,1970-01-01 00:27:33.576212359+00:00,Application,False,False,,,,,,,,a2ba643bdbcb19e845654411c543da48,1970,1,1,3,0,,,,,
SHAMEERð,1970-01-01 00:27:33.576209759+00:00,SRM podriya,False,False,,,,,,,,d2028ca58ed748c9c0b6f383acd65468,1970,1,1,3,0,,,,,
ððªð§ðª,1970-01-01 00:27:33.575541379+00:00,Paappoom,False,False,,,,,,,,e4dc3337fa0147c649325e27aae19cd0,1970,1,1,3,0,,,,,
ððªð§ðª,1970-01-01 00:27:33.575515087+00:00,Oraaa confusion aaa iruku,False,False,,,,,,,,5bea090e87d741b6cf930f83ea6693e3,1970,1,1,3,0,,,,,
ððªð§ðª,1970-01-01 00:27:33.575497353+00:00,Yenna pooorathunae therila,False,False,,,,,,,,f09262fc3c397ee18746f8b841678c69,1970,1,1,3,0,,,,,
ððªð§ðª,1970-01-01 00:27:33.575481518+00:00,Illa,False,False,,,,,,,,5422c6c5cbc5d3b2ac7ba4605568efa3,1970,1,1,3,0,,,,,
SHAMEERð,1970-01-01 00:27:33.575216799+00:00,?,False,False,,,,,,,,570852e48b86f585e0ecdf3f2a99a3e9,1970,1,1,3,0,,,,,
SHAMEERð,1970-01-01 00:27:33.575215911+00:00,Yengana application potu itukiya,False,False,,,,,,,,51356d089d1254468585c56609689cdc,1970,1,1,3,0,,,,,
SHAMEERð,1970-01-01 00:27:33.575210459+00:00,Daii,False,False,,,,,,,,d9fb55dad2e0b08b41c19c0a790402bd,1970,1,1,3,0,,,,,
ððªð§ðª,1970-01-01 00:27:33.476610064+00:00,K,False,False,,,,,,,,57740c4f1b273942b829a142f9edb7a5,1970,1,1,3,0,,,,,
SHAMEERð,1970-01-01 00:27:33.473612895+00:00,Enaku ticket podu...ð,False,False,,,https://instagram.com/stories/gx._.lee/2845861391519494162,,,,,7d9e6228b378c383867e4b19c3936992,1970,1,1,3,0,,,,,
SHAMEERð,1970-01-01 00:27:33.310806357+00:00,ð,False,False,,,,,,,,2eded26de0fd4c1df914b78714c8243a,1970,1,1,3,0,,,,,
SHAMEERð,1970-01-01 00:27:33.310804014+00:00,à®à®à¯à®à®³à¯  à®®à¯à®à¯à®à¯à®à¯à®à¯ â¤ï¸ à®à®© à®à®£à®°à¯à®à¯à®à®¿à®¯à¯ à®µà¯à®³à®¿à®ªà¯à®ªà®à¯à®¤à¯à®¤à®¿à®©à®¾à®°à¯,False,False,,,,,,,,c8587b9c65ea050302e11a4881fdc931,1970,1,1,3,0,,,,,
ððªð§ðª,1970-01-01 00:27:33.310783696+00:00,Active laa iruka,False,False,â¤ï¸,SHAMEERð,,,,1970-01-01 00:00:01.653310804+00:00,,6801bb4e43baf6271adf28f893777585,1970,1,1,3,0,1970.0,1.0,1.0,3.0,0.0
SHAMEERð,1970-01-01 00:27:33.310684437+00:00,Bro,False,False,,,,,,,,799282190ac07ce95cdd59c7fd8b87db,1970,1,1,3,0,,,,,
SHAMEERð,1970-01-01 00:27:33.310682305+00:00,Hlo,False,False,,,,,,,,52279c121d0407ebf577a1a3d41e7206,1970,1,1,3,0,,,,,
