sender_name,timestamp_ms,content,is_geoblocked_for_viewer,is_unsent_image_by_messenger_kid_parent,reactions_0_reaction,reactions_0_actor,reactions_0_timestamp,share_link,share_share_text,share_original_content_owner,unique_id,timestamp_ms_year,timestamp_ms_month,timestamp_ms_day,timestamp_ms_weekday,timestamp_ms_hour,reactions_0_timestamp_year,reactions_0_timestamp_month,reactions_0_timestamp_day,reactions_0_timestamp_weekday,reactions_0_timestamp_hour
É¢ÖÓÊÊ É¢Ê ï£¿,1970-01-01 00:28:44.812302732+00:00,ð«,False,False,,,,,,,bfcbf88f12bbe444713c5a717ef0ca09,1970,1,1,3,0,,,,,
É¢ÖÓÊÊ É¢Ê ï£¿,1970-01-01 00:28:44.812299783+00:00,à®®à¯à®à¯à®à¯ à®µà®¿à®°à¯à®®à¯à®ªà®¿à®¯à¯à®³à¯à®³à®¾à®°à¯,False,False,,,,,,,232030e24fd667b9708bf4af8eb469f7,1970,1,1,3,0,,,,,
ððªð§ðª,1970-01-01 00:28:44.809446380+00:00,â¥ï¸,False,False,,,,,,,244f26d3d7398e463c7c946f972f3df8,1970,1,1,3,0,,,,,
ððªð§ðª,1970-01-01 00:28:44.809408393+00:00,Nadri machaa,False,False,â¤,É¢ÖÓÊÊ É¢Ê ï£¿,1970-01-01 00:00:01.724812299+00:00,,,,6e1a1de372c2c279a9aac67008b411b9,1970,1,1,3,0,1970.0,1.0,1.0,3.0,0.0
É¢ÖÓÊÊ É¢Ê ï£¿,1970-01-01 00:28:44.783943994+00:00,,False,False,â¤,ððªð§ðª,1970-01-01 00:00:01.724809438+00:00,,,,1c5ce5bf4932ef32ce9ec426a9182d62,1970,1,1,3,0,1970.0,1.0,1.0,3.0,0.0
ððªð§ðª,1970-01-01 00:28:43.051830142+00:00,You sent an attachment.,False,False,,,,https://www.instagram.com/reel/C-IYm3wP-kF/?id=3425095740936939781_11306407891,"En mela yaruko Pasam illaaað¶ââï¸
.
.
.
.
.
.
.
.
.
.
#tamil #trendingreels #foryou #fyp #fypã· #instagood #instalike #girl #funny #meme #thalapathy #trendingnow #songs #likesforlike #daily #viralvideos #explorepage #reelitfeelit #instafeed",ft.varsshh,c816240d6e4de19dbcc2714edd0dd537,1970,1,1,3,0,,,,,
É¢ÖÓÊÊ É¢Ê ï£¿,1970-01-01 00:28:30.777991036+00:00,,False,False,,,,,,,d722332d27c251f8ca756d3a64b0783a,1970,1,1,3,0,,,,,
É¢ÖÓÊÊ É¢Ê ï£¿,1970-01-01 00:28:30.777818960+00:00,à®®à¯à®à¯à®à¯ à®µà®¿à®°à¯à®®à¯à®ªà®¿à®¯à¯à®³à¯à®³à®¾à®°à¯,False,False,,,,,,,48fb822322591aad9d1169157020c127,1970,1,1,3,0,,,,,
ððªð§ðª,1970-01-01 00:28:30.777770331+00:00,,False,False,â¤,É¢ÖÓÊÊ É¢Ê ï£¿,1970-01-01 00:00:01.710777818+00:00,https://instagram.com/stories/gx._.lee/3326566607214848596,,,dfd1f98cbd7fddc4cb809f0a4c36f063,1970,1,1,3,0,1970.0,1.0,1.0,3.0,0.0
É¢ÖÓÊÊ É¢Ê ï£¿,1970-01-01 00:28:26.066796295+00:00,à®®à¯à®à¯à®à¯ à®µà®¿à®°à¯à®®à¯à®ªà®¿à®¯à¯à®³à¯à®³à®¾à®°à¯,False,False,,,,,,,2ad5fec0c87c34914d89a7a35a735859,1970,1,1,3,0,,,,,
É¢ÖÓÊÊ É¢Ê ï£¿,1970-01-01 00:28:26.066795578+00:00,Thanks machaâ¤ï¸ð«,False,False,,,,,,,88c94bb54f7a1eaa1ca643764029f6a9,1970,1,1,3,0,,,,,
ððªð§ðª,1970-01-01 00:28:26.064409926+00:00,Happy Birthday machaa ð«ð¥,False,False,â¤,É¢ÖÓÊÊ É¢Ê ï£¿,1970-01-01 00:00:01.706066796+00:00,,,,cd5dc242253c2338b428510a3670381c,1970,1,1,3,0,1970.0,1.0,1.0,3.0,0.0
É¢ÖÓÊÊ É¢Ê ï£¿,1970-01-01 00:28:13.196632263+00:00,à®à®à¯à®à®³à¯  à®®à¯à®à¯à®à¯à®à¯à®à¯ â¤ï¸ à®à®© à®à®£à®°à¯à®à¯à®à®¿à®¯à¯ à®µà¯à®³à®¿à®ªà¯à®ªà®à¯à®¤à¯à®¤à®¿à®©à®¾à®°à¯,False,False,,,,,,,5584a341fd04e05513ac0fc5deb76c53,1970,1,1,3,0,,,,,
ððªð§ðª,1970-01-01 00:28:13.191693405+00:00,Thx macha â¤ï¸,False,False,â¤ï¸,É¢ÖÓÊÊ É¢Ê ï£¿,1970-01-01 00:00:01.693196632+00:00,,,,78f1f5f967db81717675d63090ba5150,1970,1,1,3,0,1970.0,1.0,1.0,3.0,0.0
É¢ÖÓÊÊ É¢Ê ï£¿,1970-01-01 00:28:13.188009475+00:00,Happy Birthday da â¡,False,False,â¤ï¸,ððªð§ðª,1970-01-01 00:00:01.693191686+00:00,,,,b8f8cece7d783be9011c4d1c578e3bb7,1970,1,1,3,0,1970.0,1.0,1.0,3.0,0.0
