sender_name,timestamp_ms,content,is_geoblocked_for_viewer,is_unsent_image_by_messenger_kid_parent,reactions_0_reaction,reactions_0_actor,reactions_0_timestamp,share_link,share_share_text,share_original_content_owner,photos_0_uri,photos_0_creation_timestamp,unique_id,timestamp_ms_year,timestamp_ms_month,timestamp_ms_day,timestamp_ms_weekday,timestamp_ms_hour,reactions_0_timestamp_year,reactions_0_timestamp_month,reactions_0_timestamp_day,reactions_0_timestamp_weekday,reactions_0_timestamp_hour,photos_0_creation_timestamp_year,photos_0_creation_timestamp_month,photos_0_creation_timestamp_day,photos_0_creation_timestamp_weekday,photos_0_creation_timestamp_hour
ððªð§ðª,1970-01-01 00:28:44.809041163+00:00,Thx da,False,False,,,,,,,,,03f2d8b59a0c88c46ca8b4c301c281ed,1970,1,1,3,0,,,,,,,,,,
ð ð ð,1970-01-01 00:28:44.808385667+00:00,ðHappy birthday da ð¤â¡,False,False,â¤,ððªð§ðª,1970-01-01 00:00:01.724809069+00:00,,,,,,1bdfc5d558e0874a75291d721d71fca0,1970,1,1,3,0,1970.0,1.0,1.0,3.0,0.0,,,,,
ððªð§ðª,1970-01-01 00:28:13.196894068+00:00,Thx daað,False,False,,,,,,,,,49446cf2f7c9aa1eb83c39670d096ac6,1970,1,1,3,0,,,,,,,,,,
ð ð ð,1970-01-01 00:28:13.168157608+00:00,ðHappy Birthday daâ¡,False,False,â¤ï¸,ððªð§ðª,1970-01-01 00:00:01.693196887+00:00,,,,,,17da291c156cfe1da4cd9fe83819f00a,1970,1,1,3,0,1970.0,1.0,1.0,3.0,0.0,,,,,
ð ð ð,1970-01-01 00:27:47.180830538+00:00,Tnx daa ððð,False,False,â¤ï¸,ððªð§ðª,1970-01-01 00:00:01.667180848+00:00,,,,,,bc24da5761aaa329c0a0ddec9101c2f2,1970,1,1,3,0,1970.0,1.0,1.0,3.0,0.0,,,,,
ððªð§ðª,1970-01-01 00:27:47.180408960+00:00,Happy Birthday daðð,False,False,,,,,,,,,4b367830255770a6334b4e555c24687e,1970,1,1,3,0,,,,,,,,,,
ð ð ð,1970-01-01 00:27:46.250410512+00:00,ð sent an attachment.,False,False,â¤ï¸,ððªð§ðª,1970-01-01 00:00:01.666251261+00:00,,,,,,fae4e9604f4bc5957d10061a4fdc515b,1970,1,1,3,0,1970.0,1.0,1.0,3.0,0.0,,,,,
ð ð ð,1970-01-01 00:27:43.994647905+00:00,M.. da,False,False,,,,,,,,,c3b6d7111999a8ddd5b04f7b56ec81f9,1970,1,1,3,0,,,,,,,,,,
ððªð§ðª,1970-01-01 00:27:43.994511249+00:00,Anthaa I'd poiduchi daa yoki kaala keelu,False,False,,,,,,,,,9df0cf948f5a40e481f6f782dc6ff5e3,1970,1,1,3,0,,,,,,,,,,
ð ð ð,1970-01-01 00:27:43.991129003+00:00,Adha send pannu da,False,False,,,,,,,,,61cdb95a42047cfd3af0ae8457902adc,1970,1,1,3,0,,,,,,,,,,
ð ð ð,1970-01-01 00:27:43.991122917+00:00,Problem la send panni irukana,False,False,,,,,,,,,e9d90a67fc9435070133279a497db2db,1970,1,1,3,0,,,,,,,,,,
ð ð ð,1970-01-01 00:27:43.991095563+00:00,Kupu ungaluku class room app la,False,False,,,,,,,,,0226b5dabbec8ec79b4f8dc82d1e8592,1970,1,1,3,0,,,,,,,,,,
ð ð ð,1970-01-01 00:27:43.991075852+00:00,Daii,False,False,,,,,,,,,bd860638d8758a46d4f4ac14fcd97f74,1970,1,1,3,0,,,,,,,,,,
ð ð ð,1970-01-01 00:27:41.703590061+00:00,Happy birthday da ðð¥,False,False,â¤ï¸,ððªð§ðª,1970-01-01 00:00:01.661741745+00:00,,,,,,f8c69a197797ceb3bfb853b0cae887e6,1970,1,1,3,0,1970.0,1.0,1.0,3.0,0.0,,,,,
ð ð ð,1970-01-01 00:27:38.929173008+00:00,à®à®à¯à®à®³à¯  à®®à¯à®à¯à®à¯à®à¯à®à¯ â¤ï¸ à®à®© à®à®£à®°à¯à®à¯à®à®¿à®¯à¯ à®µà¯à®³à®¿à®ªà¯à®ªà®à¯à®¤à¯à®¤à®¿à®©à®¾à®°à¯,False,False,,,,,,,,,15c707d74f22176e38337dca46c0da07,1970,1,1,3,0,,,,,,,,,,
ððªð§ðª,1970-01-01 00:27:38.927677123+00:00,,False,False,â¤ï¸,ð ð ð,1970-01-01 00:00:01.658929173+00:00,,,,,,de8f91c2efbe4ee1e078e53aee2502b8,1970,1,1,3,0,1970.0,1.0,1.0,3.0,0.0,,,,,
ððªð§ðª,1970-01-01 00:27:38.666373917+00:00,,False,False,,,,https://www.instagram.com/p/CgZS-ynPuV9/,,trollsingles,,,042711f299fbd9ae95077375718a7995,1970,1,1,3,0,,,,,,,,,,
ð ð ð,1970-01-01 00:27:38.589051214+00:00,à®à®à¯à®à®³à¯  à®®à¯à®à¯à®à¯à®à¯à®à¯ â¤ï¸ à®à®© à®à®£à®°à¯à®à¯à®à®¿à®¯à¯ à®µà¯à®³à®¿à®ªà¯à®ªà®à¯à®¤à¯à®¤à®¿à®©à®¾à®°à¯,False,False,,,,,,,,,42a15e7b1c916fcc4cae133e688e2da8,1970,1,1,3,0,,,,,,,,,,
ððªð§ðª,1970-01-01 00:27:38.589017264+00:00,,False,False,â¤ï¸,ð ð ð,1970-01-01 00:00:01.658589051+00:00,https://www.instagram.com/p/CgW3g3Lvb2G/?carousel_share_child_media_id=2888740361838902662_50333850172,,puttipaul,,,36f7e1a43a6ba0cb18b417691bad606a,1970,1,1,3,0,1970.0,1.0,1.0,3.0,0.0,,,,,
ð ð ð,1970-01-01 00:27:38.497440411+00:00,,False,False,,,,,,,,,14ba464f57976c38679e470a5465b765,1970,1,1,3,0,,,,,,,,,,
ð ð ð,1970-01-01 00:27:37.814047658+00:00,ð¤£ð¤£,False,False,,,,,,,,,15bec33c1c481773e77dd57e9c233867,1970,1,1,3,0,,,,,,,,,,
ððªð§ðª,1970-01-01 00:27:37.768848179+00:00,,False,False,,,,,,,,,b325718bbc7a5db67271df84a2058fc0,1970,1,1,3,0,,,,,,,,,,
ððªð§ðª,1970-01-01 00:27:37.023071847+00:00,,False,False,,,,,,,,,eaa1af1b670f7cd542ff8354f8955a8d,1970,1,1,3,0,,,,,,,,,,
ð ð ð,1970-01-01 00:27:36.852707282+00:00,Vaa bro,False,False,,,,,,,,,2f65b43d34a5d2a5253c0800837afc3f,1970,1,1,3,0,,,,,,,,,,
ð ð ð,1970-01-01 00:27:36.852702839+00:00,à®à®à¯à®à®³à¯  à®®à¯à®à¯à®à¯à®à¯à®à¯ â¤ï¸ à®à®© à®à®£à®°à¯à®à¯à®à®¿à®¯à¯ à®µà¯à®³à®¿à®ªà¯à®ªà®à¯à®¤à¯à®¤à®¿à®©à®¾à®°à¯,False,False,,,,,,,,,2f82c346d60cf944c7941d17544b82b1,1970,1,1,3,0,,,,,,,,,,
ð ð ð,1970-01-01 00:27:36.852701322+00:00,à®à®à¯à®à®³à¯  à®®à¯à®à¯à®à¯à®à¯à®à¯ â¤ï¸ à®à®© à®à®£à®°à¯à®à¯à®à®¿à®¯à¯ à®µà¯à®³à®¿à®ªà¯à®ªà®à¯à®¤à¯à®¤à®¿à®©à®¾à®°à¯,False,False,,,,,,,,,27869bbec72cba58e79f6f124bfcda95,1970,1,1,3,0,,,,,,,,,,
ððªð§ðª,1970-01-01 00:27:36.846304687+00:00,Ennaku bro,False,False,â¤ï¸,ð ð ð,1970-01-01 00:00:01.656852701+00:00,,,,,,add764045c59ec0bfc3513ca859ec7bd,1970,1,1,3,0,1970.0,1.0,1.0,3.0,0.0,,,,,
ððªð§ðª,1970-01-01 00:27:36.846289468+00:00,Cha,False,False,â¤ï¸,ð ð ð,1970-01-01 00:00:01.656852702+00:00,,,,,,14732f70f31aeec103fcba3ce399b6ee,1970,1,1,3,0,1970.0,1.0,1.0,3.0,0.0,,,,,
ð ð ð,1970-01-01 00:27:36.843534225+00:00,,False,False,,,,,,,your_instagram_activity/messages/inbox/sri_17944756904093157/photos/291477512_1173315663511885_2378210069825256532_n_560205582468028.jpg,1970-01-01 00:00:01.656843535+00:00,08196c90ce0afcf5a8d914e452238619,1970,1,1,3,0,,,,,,1970.0,1.0,1.0,3.0,0.0
ð ð ð,1970-01-01 00:27:36.843531752+00:00,,False,False,,,,,,,your_instagram_activity/messages/inbox/sri_17944756904093157/photos/291318286_4876549045782936_5028906482011790590_n_1194603284668149.jpg,1970-01-01 00:00:01.656843533+00:00,58fb4514be7366be7141df745e22a681,1970,1,1,3,0,,,,,,1970.0,1.0,1.0,3.0,0.0
ððªð§ðª,1970-01-01 00:27:36.830991697+00:00,,False,False,,,,https://www.instagram.com/p/CfimKqXLw3E/,,mokkapostu,,,109ca23150e4e5a402b58418a11cc7cb,1970,1,1,3,0,,,,,,,,,,
ð ð ð,1970-01-01 00:27:36.342197495+00:00,Daii ð¤£ð¤£,False,False,â¤ï¸,ððªð§ðª,1970-01-01 00:00:01.656342238+00:00,,,,,,d17e0c0b4279a23d3033daa96a600c38,1970,1,1,3,0,1970.0,1.0,1.0,3.0,0.0,,,,,
ððªð§ðª,1970-01-01 00:27:36.341852192+00:00,,False,False,,,,,,,,,d82f6e140bcdea35b9418cfcef0cb7d7,1970,1,1,3,0,,,,,,,,,,
ð ð ð,1970-01-01 00:27:36.333672385+00:00,à®à®à¯à®à®³à¯  à®®à¯à®à¯à®à¯à®à¯à®à¯ ð¤ à®à®© à®à®£à®°à¯à®à¯à®à®¿à®¯à¯ à®µà¯à®³à®¿à®ªà¯à®ªà®à¯à®¤à¯à®¤à®¿à®©à®¾à®°à¯,False,False,,,,,,,,,68048112a07c3aa1b8028f95014d4000,1970,1,1,3,0,,,,,,,,,,
ððªð§ðª,1970-01-01 00:27:36.333611667+00:00,à®¨à¯à®à¯à®à®³à¯ à®ªà¯à®±à¯à®®à¯ à®®à¯à®à¯à®à¯à®à®³à¯à®à¯à®à®¾à®© à®®à¯à®´à®¿à®ªà¯à®¯à®°à¯à®ªà¯à®ªà¯à®à®³à¯ à®®à¯à®à®à¯à®à®¿à®¯à¯à®³à¯à®³à¯à®°à¯à®à®³à¯.,False,False,,,,,,,,,d6dce34230dbc4e67b8b8cf5b72a8c8a,1970,1,1,3,0,,,,,,,,,,
ððªð§ðª,1970-01-01 00:27:36.333601652+00:00,à®¨à¯à®à¯à®à®³à¯ à®ªà¯à®±à¯à®®à¯ à®®à¯à®à¯à®à¯à®à®³à¯à®à¯à®à®¾à®© à®®à¯à®´à®¿à®ªà¯à®¯à®°à¯à®ªà¯à®ªà¯à®à®³à¯ à®à®¯à®à¯à®à®¿à®¯à¯à®³à¯à®³à¯à®°à¯à®à®³à¯.,False,False,,,,,,,,,20db593bba094d2453bf1bc213a5d063,1970,1,1,3,0,,,,,,,,,,
ððªð§ðª,1970-01-01 00:27:36.333599093+00:00,M,False,False,ð¤,ð ð ð,1970-01-01 00:00:01.656333672+00:00,,,,,,372eed0dc40f80ef02e39c8a8f121254,1970,1,1,3,0,1970.0,1.0,1.0,3.0,0.0,,,,,
ð ð ð,1970-01-01 00:27:36.333558658+00:00,Ama daa,False,False,,,,,,,,,b5b984586218be11a8ea6d2884601221,1970,1,1,3,0,,,,,,,,,,
ððªð§ðª,1970-01-01 00:27:36.333540094+00:00,Nalla matikitingaa polakuthu,False,False,,,,,,,,,261748b834aab798c3bc1aa06f9fa067,1970,1,1,3,0,,,,,,,,,,
ððªð§ðª,1970-01-01 00:27:36.333522595+00:00,M,False,False,,,,,,,,,bce46b781214c787edd654f8730cd730,1970,1,1,3,0,,,,,,,,,,
ð ð ð,1970-01-01 00:27:36.333516407+00:00,Black button kuda eduka soldran enaa,False,False,,,,,,,,,d53999b4ed23d281a562341bca7c00db,1970,1,1,3,0,,,,,,,,,,
ð ð ð,1970-01-01 00:27:36.333504326+00:00,Prince vera,False,False,,,,,,,,,0daed7a5887e3629f70aad71af490acf,1970,1,1,3,0,,,,,,,,,,
ð ð ð,1970-01-01 00:27:36.333499490+00:00,à®à®à¯à®à®³à¯  à®®à¯à®à¯à®à¯à®à¯à®à¯ ð¤ à®à®© à®à®£à®°à¯à®à¯à®à®¿à®¯à¯ à®µà¯à®³à®¿à®ªà¯à®ªà®à¯à®¤à¯à®¤à®¿à®©à®¾à®°à¯,False,False,,,,,,,,,e8961748d93a4fba0e0167b9c0f397f0,1970,1,1,3,0,,,,,,,,,,
ððªð§ðª,1970-01-01 00:27:36.333496862+00:00,ð,False,False,ð¤,ð ð ð,1970-01-01 00:00:01.656333499+00:00,,,,,,f8b0a371485b7840b5008fc37ec37286,1970,1,1,3,0,1970.0,1.0,1.0,3.0,0.0,,,,,
ð ð ð,1970-01-01 00:27:36.333489594+00:00,Nxt day apadiyaa ponaa adichii velyaa poo nuu sollitan,False,False,,,,,,,,,ba5fb8854c520e129bcf609327f0b76e,1970,1,1,3,0,,,,,,,,,,
ððªð§ðª,1970-01-01 00:27:36.333484068+00:00,Santhoshaaa irutha sari,False,False,,,,,,,,,c4d02e1990285edbe5e978d4d1614c83,1970,1,1,3,0,,,,,,,,,,
ð ð ð,1970-01-01 00:27:36.333472619+00:00,Daii  1st day sonna da cut pannituu vanuu,False,False,,,,,,,,,ade9832ea1ec1ec96b9dd6e2553591fd,1970,1,1,3,0,,,,,,,,,,
ððªð§ðª,1970-01-01 00:27:36.333451709+00:00,Avan ithukalam adikamattan da,False,False,,,,,,,,,889052af9cf10822d71d93b3530635e8,1970,1,1,3,0,,,,,,,,,,
ð ð ð,1970-01-01 00:27:36.333442878+00:00,à®à®à¯à®à®³à¯  à®®à¯à®à¯à®à¯à®à¯à®à¯ ð¤ à®à®© à®à®£à®°à¯à®à¯à®à®¿à®¯à¯ à®µà¯à®³à®¿à®ªà¯à®ªà®à¯à®¤à¯à®¤à®¿à®©à®¾à®°à¯,False,False,,,,,,,,,d8bb1ed56b73b6233b418db364b8b743,1970,1,1,3,0,,,,,,,,,,
ððªð§ðª,1970-01-01 00:27:36.333431656+00:00,Dai enna solra,False,False,ð¤,ð ð ð,1970-01-01 00:00:01.656333442+00:00,,,,,,280aed03c5b257eef21f6800c9790cc9,1970,1,1,3,0,1970.0,1.0,1.0,3.0,0.0,,,,,
ð ð ð,1970-01-01 00:27:36.333420970+00:00,Hair cut pannalanuu,False,False,,,,,,,,,adf80055dbabdfbe1409536bb3a59ac1,1970,1,1,3,0,,,,,,,,,,
ððªð§ðª,1970-01-01 00:27:36.333419008+00:00,Y,False,False,,,,,,,,,5204e262397c638b8d9c14018aae1726,1970,1,1,3,0,,,,,,,,,,
ð ð ð,1970-01-01 00:27:36.333408868+00:00,Kupuu adichiitam,False,False,,,,,,,,,31be4a610165f1f8e5b0eb7a9242a133,1970,1,1,3,0,,,,,,,,,,
ððªð§ðª,1970-01-01 00:27:36.333404735+00:00,Kupu,False,False,,,,,,,,,fa36bfe220c6321502f2c36cbf88a0b7,1970,1,1,3,0,,,,,,,,,,
ð ð ð,1970-01-01 00:27:36.333398566+00:00,Hair la cut panna soldragaa,False,False,,,,,,,,,daf51f31ff72a11dd4c5885f0acdd2bc,1970,1,1,3,0,,,,,,,,,,
ð ð ð,1970-01-01 00:27:36.333389665+00:00,Mosam daa,False,False,,,,,,,,,d223459c92d246ed7f685810997d8d28,1970,1,1,3,0,,,,,,,,,,
ð ð ð,1970-01-01 00:27:36.333378968+00:00,380,False,False,â¤ï¸,ððªð§ðª,1970-01-01 00:00:01.656333385+00:00,,,,,,1ea52380c66d5e6ffd2888a7bae319d1,1970,1,1,3,0,1970.0,1.0,1.0,3.0,0.0,,,,,
ððªð§ðª,1970-01-01 00:27:36.333376086+00:00,Sch eppudi iruku,False,False,,,,,,,,,cad9ce68fad82ef452b7793f8e208652,1970,1,1,3,0,,,,,,,,,,
ððªð§ðª,1970-01-01 00:27:36.333268904+00:00,Kattaa,False,False,,,,,,,,,ae50ae0615e25a39fd96582f1f425fc4,1970,1,1,3,0,,,,,,,,,,
ððªð§ðª,1970-01-01 00:27:36.333260958+00:00,Katta,False,False,,,,,,,,,f240f3ab565138fd612d85a1d30fb78e,1970,1,1,3,0,,,,,,,,,,
ððªð§ðª,1970-01-01 00:27:36.333242968+00:00,Treat thala,False,False,,,,,,,,,d6371cd8968b8198d31d6b3beefe7288,1970,1,1,3,0,,,,,,,,,,
ð ð ð,1970-01-01 00:27:36.333176588+00:00,,False,False,â¤ï¸,ððªð§ðª,1970-01-01 00:00:01.656333214+00:00,,,,your_instagram_activity/messages/inbox/sri_17944756904093157/photos/290749945_164761076043621_8176620662390263484_n_299293422342445.jpg,1970-01-01 00:00:01.656333178+00:00,54d03dc782456eec83d52e10ef4ad82f,1970,1,1,3,0,1970.0,1.0,1.0,3.0,0.0,1970.0,1.0,1.0,3.0,0.0
ð ð ð,1970-01-01 00:27:36.333175067+00:00,à®à®à¯à®à®³à¯  à®®à¯à®à¯à®à¯à®à¯à®à¯ ð¤ à®à®© à®à®£à®°à¯à®à¯à®à®¿à®¯à¯ à®µà¯à®³à®¿à®ªà¯à®ªà®à¯à®¤à¯à®¤à®¿à®©à®¾à®°à¯,False,False,,,,,,,,,0379541c1b2a661f2ef2f46f0accc17f,1970,1,1,3,0,,,,,,,,,,
ð ð ð,1970-01-01 00:27:36.333174453+00:00,à®à®à¯à®à®³à¯  à®®à¯à®à¯à®à¯à®à¯à®à¯ ð¤ à®à®© à®à®£à®°à¯à®à¯à®à®¿à®¯à¯ à®µà¯à®³à®¿à®ªà¯à®ªà®à¯à®¤à¯à®¤à®¿à®©à®¾à®°à¯,False,False,,,,,,,,,3de3b8bbe6dae3a65d5e62b1f57a745f,1970,1,1,3,0,,,,,,,,,,
ððªð§ðª,1970-01-01 00:27:36.332956204+00:00,Result vathucha ð,False,False,ð¤,ð ð ð,1970-01-01 00:00:01.656333175+00:00,,,,,,5853cbb7ebcb32d5bcf2dc183ab679c5,1970,1,1,3,0,1970.0,1.0,1.0,3.0,0.0,,,,,
ððªð§ðª,1970-01-01 00:27:36.332836943+00:00,Ennapa ena panra,False,False,ð¤,ð ð ð,1970-01-01 00:00:01.656333174+00:00,,,,,,e9a664f5bf97ac0e0aad10fe92e14ea1,1970,1,1,3,0,1970.0,1.0,1.0,3.0,0.0,,,,,
ð ð ð,1970-01-01 00:27:36.332794934+00:00,à®à®à¯à®à®³à¯  à®®à¯à®à¯à®à¯à®à¯à®à¯ ð¹ à®à®© à®à®£à®°à¯à®à¯à®à®¿à®¯à¯ à®µà¯à®³à®¿à®ªà¯à®ªà®à¯à®¤à¯à®¤à®¿à®©à®¾à®°à¯,False,False,,,,,,,,,622fb04863a52bde0d6eba1b166e507b,1970,1,1,3,0,,,,,,,,,,
ððªð§ðª,1970-01-01 00:27:36.316438360+00:00,,False,False,ð¹,ð ð ð,1970-01-01 00:00:01.656332794+00:00,,,,,,92f89cfec4cfe648c8b611c9f148273c,1970,1,1,3,0,1970.0,1.0,1.0,3.0,0.0,,,,,
